ID,YEAR,Month,ELEMENT,VALUE1,VALUE2,VALUE3,VALUE4,VALUE5,VALUE6,VALUE7,VALUE8,VALUE9,VALUE10,VALUE11,VALUE12,VALUE13,VALUE14,VALUE15,VALUE16,VALUE17,VALUE18,VALUE19,VALUE20,VALUE21,VALUE22,VALUE23,VALUE24,VALUE25,VALUE26,VALUE27,VALUE28,VALUE29,VALUE30,VALUE31
USC00272174,1926,1,WT04,,,,1.0,,,,,,,,,,,,,,,,,1.0,1.0,,,,,,,,,
USC00272174,1926,2,WT04,,,,,,,,,,,,,,,,,,,,,,1.0,,,,,,,,,
USC00272174,1926,3,WT04,,1.0,,,,,,,,,,,,,,,,,,,,,,,,,,,,,
USC00272174,1927,1,WT04,,,,,,,,,,,,,,,1.0,,,,,,,,,,,,,,,,
USC00272174,1927,2,WT04,,,,,,,,,,,,,,,,,,,,,,,1.0,,,,,,,,
USC00272174,1927,12,WT04,,,,,,,,,,,,,1.0,,,,1.0,,,,,,,,,,,,,,
USC00272174,1928,1,WT04,,,,,,,,,,,,,,,,,,,,1.0,,,,,,,,,,,
USC00272174,1928,3,WT04,,,,,,,,,,,,1.0,1.0,,,,,,,,,,,,,,,,,1.0,
USC00272174,1928,4,WT04,,,,,,,,,,,,,,,,,,,,,,,,,1.0,,,,,,
USC00272174,1929,1,WT04,,,,,,,,,,,,,,,,,1.0,,,,,,,,,,,,,,
USC00272174,1929,2,WT04,,,,,,,,,,,,,,,,,,,,,,,,,,1.0,1.0,,,,
USC00272174,1929,3,WT04,,,,,,,,,,,,,,,,,,,,,,,,,1.0,,,,,,
USC00272174,1930,1,WT04,,,,,,,,,,,,,,,,,,,,,1.0,,,,,,,,,,
USC00272174,1931,3,WT04,,,,,,1.0,,,1.0,,,,,,,,,,,,,,,,,,,,,,
USC00272174,1932,2,WT04,,,,,,,,,,,,,,,,,,,,,,,,,,1.0,,,,,
USC00272174,1932,3,WT04,,,,,,,,,,,,,,,,1.0,,,,,,,,,,,,,,,
USC00272174,1932,12,WT04,,,,,,,,,,,,,,,,,,,,,,,1.0,,,,,,,,
USC00272174,1933,2,WT04,,,,,,,1.0,1.0,,,,,,1.0,1.0,,,,,1.0,,,,,,,,,,,
USC00272174,1933,4,WT04,,,,,,,,,,,,1.0,,,,,,,,,,,,,,,,,,,
USC00272174,1934,1,WT04,,,,,,,,,,,,,1.0,,,,,,,,,,,,,,,,,,
USC00272174,1935,1,WT04,,,,,,,,,,,,,,,,,,,,,1.0,,,,,,,,,,
USC00272174,1935,2,WT04,,,,,,,,,,,,,,,1.0,,,,,,,,1.0,,,,,,,,
USC00272174,1935,3,WT04,,,,,1.0,,,,,,,,,,,,,,,,,,,,,,,,,,
USC00272174,1935,4,WT04,,1.0,,,,,,,,,,,,,,,,,,,,,,,,,,,,,
USC00272174,1935,11,WT04,,,,,,,,,,,,,,,,,1.0,1.0,,,,,,,,,,,,,
USC00272174,1935,12,WT04,,,,,,,,,1.0,,,,,,,,,,,,,,,,,,,,,,
USC00272174,1936,2,WT04,,,,1.0,,,,,,,,,,,,,1.0,,,,,,,,,,,,,,
USC00272174,1936,3,WT04,,,,,1.0,,,,1.0,,,,,,,,,,,,,,,,,,,,,,
USC00272174,1936,4,WT04,,,,,,,1.0,,,,1.0,,,,,,,,,,,,,,,,,,,,
USC00272174,1936,12,WT04,,,,,,,,,,1.0,,,,,,,,,,,,,,,,,,,,1.0,
USC00272174,1937,1,WT04,,,1.0,,,,1.0,,,,,,,,,,,,,,1.0,,,1.0,1.0,,,,,,
USC00272174,1937,2,WT04,1.0,,,,,,,,1.0,,,,,,,,,,,,1.0,,,,,,,,,,
USC00272174,1937,3,WT04,,,,,,,,1.0,,,,,,,,,,,,,,,,,,,,,,,
USC00272174,1937,12,WT04,,,,,,,,,,,,,,,,,,,,,,,,,,,,,,1.0,
USC00272174,1938,1,WT04,,1.0,,,,,,,,,,,,,,,,,,,,,,,,,,,,,
USC00272174,1938,3,WT04,,,,,,,,,,,,,,,,,,1.0,,,,,,,,,,,,,
USC00272174,1938,4,WT04,,,,,,,,,1.0,,,,,,,,,,,,,,,,,,,,,,
USC00272174,1938,11,WT04,,,,,,,,,,,,,,,,,,,,,,,,1.0,,,,,,,
USC00272174,1939,1,WT04,,,,,,,,,,,,,,,,,,,,,,,,1.0,,,,,,,
USC00272174,1939,2,WT04,,1.0,1.0,,,,,,,1.0,1.0,1.0,,,,,,,,1.0,,,,,,,,1.0,,,
USC00272174,1939,3,WT04,,,,,,,,,,,,,,,,,,,,,,,,,,,,1.0,,1.0,
USC00272174,1939,12,WT04,,,,,,,,,,,,,,,,,,,,1.0,,,,,,,,,,,
USC00272174,1940,3,WT04,,,,,1.0,,,,,,,,,,,,,,,,,,,,,,,,,,
USC00272174,1940,4,WT04,,,,,,,,,,,,,1.0,,,,,,1.0,,,,,,,,,,,,
USC00272174,1941,3,WT04,,,1.0,,,,,,,,1.0,,,,,,,,,,,,,,,,,,,,
USC00272174,1941,12,WT04,,1.0,,,,,,,,,,,,,,,,,,,,,,,,,,,,,
USC00272174,1942,3,WT04,,,,,,,,,,,,,,,,,1.0,,,,,,,,,,,,,,
USC00272174,1942,4,WT04,,,,,,,,,,,1.0,,,,,,,,,,,,,,,,,,,,
USC00272174,1942,11,WT04,,,,,,,,,,,,,,,,,,,,,,,,1.0,,,,,,,
USC00272174,1942,12,WT04,,,,,,,,,,,,,,,,,,,,,,,1.0,,,,,1.0,1.0,,
USC00272174,1943,1,WT04,,,,,,,,,,,,,,,,,,,1.0,,,,,,,,,,,,
USC00272174,1943,2,WT04,,,,,,1.0,,,,,,,,,,,,,,,,,,,,,,,,,
USC00272174,1943,3,WT04,,,,,,,,,,,,,,,,,,,1.0,,,,,,,,,,,,
USC00272174,1943,12,WT04,,,,,,,,,,,,,,,,,,,,,,,,,,1.0,,,,,
USC00272174,1944,2,WT04,,,,,,,,,,,,,,,,,,1.0,,,,,,,,,1.0,,,,
USC00272174,1944,4,WT04,,,,,,,,,,,,,,,1.0,,,,,,,,,1.0,,,,,,,
USC00272174,1945,1,WT04,,,,,,,1.0,,,,,,,,,1.0,,,,,,,,,,,,,1.0,,
USC00272174,1945,6,WT04,,,1.0,,,,,,,,,,,,,,,,,,,,,,,,,,,,
USC00272174,1945,12,WT04,,,,,,1.0,,,,,,,,,,,,,,,,,,,,,,,,,
USC00272174,1946,1,WT04,,,,,,,,,,,,,,,,,,,,,1.0,,,,,,,,,,
USC00272174,1946,2,WT04,,,,,,,,,,,,,,,,,,,,,,,,,,1.0,1.0,1.0,,,
USC00272174,1946,4,WT04,,,,,,,,1.0,,,,,,,,,,,,,,,,,,,,,,,
USC00272174,1947,1,WT04,,1.0,,,,,,,,,,,,,,,,,,,,,,,,,,,,,
USC00272174,1947,11,WT04,,,,,,,,,,,,,,,,,,,,,,1.0,,,,,,,,,
USC00272174,1950,1,WT04,,,,,,,,,,1.0,1.0,,,,,,,,,,,1.0,,,,,,,,,
USC00272174,1950,11,WT04,,,,,,,,,,,,,,,,,,,,,1.0,,,,,,,,,,
USC00272174,1952,1,WT04,,,,,,,,,,,,,,,,,1.0,,,,,,,,,,,,,,
USC00272174,1952,3,WT04,,,,,1.0,,,,,,,,,,,,,,,,,,,1.0,,,,,,,
USC00272174,1952,10,WT04,,,,,,,,,,,,,,,,,,,,,,,,,,,,1.0,1.0,,
USC00272174,1952,12,WT04,,,,,,,,,,,,,,,,,,,,,,1.0,1.0,,,,,,,,
USC00272174,1953,1,WT04,,,,,,,,,,1.0,,,,,,,,,,,,,,,,,,,,,
USC00272174,1953,11,WT04,,,,,,,1.0,,,,,,,,,,,,,,,,,,,,,,,,
USC00272174,1953,12,WT04,,,,,,,,,,,,,,1.0,,,,,,,,,,,,,,,,,
USC00272174,1954,2,WT04,,,,,,,,,,,,,,,,,1.0,,,,,,,,,,,,,,
USC00272174,1954,3,WT04,,,,,,,,,,,,,1.0,,,,,,,,,,,,1.0,,,1.0,1.0,,
USC00272174,1954,4,WT04,,,,,,,,,,,,,,,,1.0,,,,,,,,,,,,,,,
USC00272174,1954,12,WT04,,,,,,,,,,,,,,,,,,,,,,,,,,,,,,1.0,
USC00272174,1955,1,WT04,,,,,,1.0,,,,,,,,,,,,,,,,,,,,,,,,,
USC00272174,1955,3,WT04,,,,,1.0,1.0,,,,,,,1.0,,,,,,,,,1.0,,,,1.0,,,,,
USC00272174,1955,12,WT04,,,,1.0,1.0,,,,,,,,,,,,,,,,,,,1.0,,,,,,,
USC00272174,1956,1,WT04,,,1.0,,,,,,,,,,1.0,,,,,,,,,,,,,,,,,,
USC00272174,1956,2,WT04,,1.0,,,,,1.0,,,,,,,,,,,,,,,,,,,,,,,,
USC00272174,1956,3,WT04,,,,,,,1.0,1.0,,,,,,,,,,,,,,,,,,,,,,,
USC00272174,1956,12,WT04,,,,,,,,,,,,,,,,,,,,,,,,,,,,,1.0,,
USC00272174,1958,2,WT04,,,,,,,,,,,,,,,,,,,,,,,,,,,,1.0,,,
USC00272174,1958,3,WT04,,,,,,,,,,,,,,,1.0,,,,,,,,,,,,,,,,
USC00272174,1959,2,WT04,,,,,,,,,,1.0,,,,,,,,,,,,,,,,,,,,,
USC00272174,1960,1,WT04,,,,,,,,,,,,,,,1.0,,,,,,,,,,,,,,,,
USC00272174,1960,2,WT04,,,,,,,,,,,,,,1.0,,,,,,,,,,,,,,,,,
USC00272174,1962,2,WT04,,,,,,,,,,,,,,,,,,,,,,,,,,1.0,,,,,
USC00272174,1963,1,WT04,,,,,,,,,,,,,,,,,,,,,,,,,,,1.0,,,,
USC00272174,1963,10,WT04,,,,,,,,,,,,,,,,,,,,,,,,,,,,,,1.0,
USC00272174,1964,12,WT04,,,,1.0,1.0,,,,,,,,,,,,1.0,,,,,,,,,,,1.0,,,
USC00272174,1965,1,WT04,,,,,,,,,,,,,,,,,,,,,,,,1.0,1.0,,,,,,
USC00272174,1965,2,WT04,,,,,,,,,,1.0,1.0,,,,,,,,,,,,,,1.0,,,,,,
USC00272174,1965,12,WT04,,,,,,,,,,,,,1.0,,,,,,,,,,,,,,,,,,
USC00272174,1966,1,WT04,,,,,,,,,,,,,,,,,,,,,,,,,,,,,,1.0,
USC00272174,1966,2,WT04,,,,,,,,,,,,,,,,1.0,,,,,,,,,,,,,,,
USC00272174,1966,4,WT04,,,,,,,,,1.0,,,,,,,,,,,,,,,,,,,1.0,,,
USC00272174,1967,1,WT04,,,,,,,1.0,,,,,,,,,,,,,,,,,,,,1.0,1.0,,,
USC00272174,1967,2,WT04,,,,1.0,1.0,,,,,,,,,,,,,,,,,,1.0,,,,,,,,
USC00272174,1967,3,WT04,,,,,,1.0,,,,,,,,,1.0,,,,,,,,,,,,,,,,
USC00272174,1967,4,WT04,,,,,,1.0,1.0,,,,,,,,,1.0,,,,,,,,1.0,,,,,,,
USC00272174,1967,5,WT04,,,,,,,1.0,,,,,,,,,,,,,,,,,,1.0,,,,,,
USC00272174,1968,3,WT04,,,,,,,,,,,,,,1.0,,,,,,,,,,,,,,,,,
USC00272174,1968,12,WT04,,,,,,,,,,,,,,,,,,,,1.0,,,,,,,,,,,
USC00272174,1969,1,WT04,,,,,,,,,,,,,,,,,,,,,,,,,,,,,,1.0,
USC00272174,1969,2,WT04,,,,,,,,,,,,,,,,,,,,,,,,,,1.0,,,,,
USC00272174,1969,10,WT04,,,,,,,,,,,,,,,,,,,,,1.0,,,,,,,,,,
USC00272174,1969,12,WT04,,,,,,,,,,,,,,,,,,,,,,,,,,1.0,,,,,
USC00272174,1971,2,WT04,,,,,1.0,,,,,,,,,,,,,,,,,,1.0,,,,,,,,
USC00272174,1971,11,WT04,,,,,,,,,,,,,,,,,,,,,,,,,1.0,,,,,,
USC00272174,1971,12,WT04,,,,,,,,,,,,,,,,,,,,,,,,,,,1.0,1.0,,,
USC00272174,1974,1,WT04,,,,,,,,,,,1.0,,,,,,,,,,,,,,,,,,,,
USC00272174,1975,12,WT04,,,,,,,,,,,,,,,,,,,,,,1.0,,,,,,,,,
USC00272174,1979,2,WT04,,,,,,,,,,,,,,,,,,,,,,,,,,1.0,1.0,,,,
USC00272174,1983,3,WT04,,,,,,,1.0,,1.0,,,,,,,,,,,,,,,,,,,,,,
USC00272174,1998,12,WT04,,,,,,,,1.0,,,,,,,,,,,,,,,,,,,,,,,
USC00272174,2002,1,WT04,,,,,,,,,,,,,,,,,,,,,,,,,,,,,,,1.0
USC00272174,2002,12,WT04,,,,,,,,,,,,,,,,,,,,,,,,,,,,,,,1.0
USC00272174,2005,1,WT04,,,,,,,,,,,,1.0,,,,,,,,,,,,,,,,,,,
USC00272174,2009,1,WT04,,,,,,,1.0,,,,,,,,,,,,,,,,,,,,,,,,
USC00272174,2022,12,WT04,,,,,,,,,,,,,,,,1.0,,,,,,,,,,,,,,,
USC00272174,2023,2,WT04,,,,,,,,,,,,,,,,,,,,,,,1.0,,,,,1.0,,,
USC00272174,2023,12,WT04,,,,,,,,,,,,,,1.0,,,,,,,,,,,,,,,,,
USC00272174,2024,1,WT04,,,,,,,,,,,,,,,,,,,,,,,,,,1.0,,,,,
USC00272174,2024,3,WT04,,,,,,,,,,,,,,,,,,,,,,,1.0,,,,,,,,
USC00272800,1964,1,WT04,1.0,1.0,,,,,1.0,,,1.0,,,,,,,,,,,,,,,,,,,,,
USC00272800,1964,3,WT04,,,,,,,,,,1.0,1.0,,,,,,,,,,,,,,,,1.0,,,,
USC00272800,1964,12,WT04,,,,1.0,1.0,1.0,,,,,,,,,,,,,,,,,,,,,,,,,
USC00272800,1965,1,WT04,,,,,,,,,,,,,,,,,,,,,,,,1.0,1.0,,,,,,
USC00272800,1965,2,WT04,,,,,,,,,,1.0,,1.0,,,,,,,,,,,,,1.0,,,,,,
USC00272800,1965,4,WT04,,,,,,,,,,,,,,,,,,1.0,,,,,,,,,,,,,
USC00272800,1966,12,WT04,,,,,,,,,,,,,,,,,,,,,,,,,,,,,1.0,,
USC00272800,1967,1,WT04,1.0,,,,,,1.0,1.0,,,,,,,,,,,,,,,,,,,1.0,,,,
USC00272800,1967,2,WT04,,1.0,1.0,,,,,,,,,,,,,,,,,,,,,,,,,,,,
USC00272800,1967,3,WT04,,,,,,1.0,1.0,,,,,,,,,,,,,,,,,,,,,,,,
USC00272800,1967,4,WT04,,,,,,1.0,1.0,,,,,,,,,,,,,,,,,,,,,,,,
USC00272800,1967,5,WT04,,,,,,,,,,,,,,,,,,,,,,,,,,1.0,,,,,
USC00272800,1967,11,WT04,,,,,,,,,,,,,,,,,,1.0,,,,,1.0,,,,,,,,
USC00272800,1967,12,WT04,,,,,,,,,,,1.0,,,,,,,,,,,,,,,,,1.0,1.0,,
USC00272800,1968,1,WT04,,,,,,,,,,,,,,1.0,,,,,,,,,,,,,,,,,
USC00272800,1968,3,WT04,,,,,,,,,,,,,1.0,,,,,,,,,,,,,,,,,,
USC00272800,1968,11,WT04,,,,,,,,,,1.0,,1.0,,,,,,,,,,,,,,,,,,,
USC00272800,1968,12,WT04,,,,,,,,,,,,,,,1.0,,,,,1.0,,,,,,,,1.0,1.0,,
USC00272800,1969,1,WT04,,,,,,,,,,,,,,,,,,,,,,,,,,,,,1.0,1.0,
USC00272800,1969,2,WT04,1.0,,1.0,,,,,,,,,,,,,,,,1.0,,,,,,,,,,,,
USC00272800,1969,12,WT04,,,,,,,,1.0,,,,,,,,,,,,,,1.0,,,,1.0,,,,,
USC00272800,1970,2,WT04,,,,1.0,,,,,,,,,,,,,,,,,,,,,,,,,,,
USC00272800,1970,3,WT04,,,,,1.0,,,,,,,,,,,,,,,,,,,,,,,,,,
USC00272800,1970,12,WT04,,,,,,,,,1.0,,,,,1.0,,,,,,,,,,,,,,,,,
USC00272800,1971,2,WT04,,,,,1.0,,,1.0,,,,,,,,,,,,1.0,,,1.0,,,,,,,,
USC00272800,1971,3,WT04,,,,1.0,,,,,,,,,,,,,,,,,,,,,,,,,,,
USC00272800,1971,11,WT04,,,,,,,,,,,,,,,,,,,,,,,,,1.0,,,,,,
USC00272800,1971,12,WT04,,,,,,1.0,,,,,,,,,1.0,,,,,,,,,,,,,1.0,,1.0,
USC00272800,1972,3,WT04,,1.0,1.0,,,,,,,,,,,,,,,,,,,,,,,,,,,,
USC00272800,1972,12,WT04,1.0,,,,,,,1.0,1.0,,,,,,,,,,,,,,,,,,,,,,
USC00272800,1973,1,WT04,,,,,,,,,,,,,,,,,,,,1.0,,,,,,,,,1.0,,
USC00272800,1973,12,WT04,,,,,,,,,1.0,,,,,,,,,,,,,,,,,,,,,,
USC00272800,1975,12,WT04,,,,,,,,,,,,,,,,,,,,,,1.0,,,,1.0,,,,,
USC00272800,1976,2,WT04,,,,,,,,,,,,,,,1.0,,,1.0,,,,,,,,,,,,,
USC00272800,1976,3,WT04,,,1.0,,,,,,,,,,,,,,,,,,,,,,,,,,,,
USC00272800,1977,2,WT04,,,,,,,,,,,,,,,,,,,,,,,,,1.0,,,,,,
USC00272800,1977,12,WT04,,,,1.0,,,,,,,,,,,,,,,,,,,,,,,,,,,
USC00272800,1978,1,WT04,,,,,,,,1.0,,,,,,,,,,,,,,,,,,,,,,,
USC00272800,1978,4,WT04,1.0,,,,,,,,,,,,,,,,,,,,,,,,,,,,,,
USC00272800,1979,2,WT04,,,,,,,,,,,,,,,,,,,,,,,,1.0,1.0,1.0,1.0,,,,
USC00272800,1982,1,WT04,,,,,,,,,,,,,,,,,,,,,,,,1.0,,,,,,,
USC00272800,1982,2,WT04,1.0,,1.0,,,,,,,,,,,,,,,,,,,,,,,,,,,,
USC00272800,1982,12,WT04,,,,,,,,,,,,,,,,,,,,,,,,1.0,,,,,,,
USC00272800,1983,12,WT04,,,,,,,,,,,,1.0,,,,,,,,,,,,,,,,,,,
USC00272800,1984,3,WT04,,,,,,,,,,,,,,1.0,,,,,,,,,,,,,,,,,
USC00272800,1984,12,WT04,,,,,,,,,,,,,,,,,,,,,,,,,,,,1.0,,,
USC00272800,1985,11,WT04,,,,,,,,,,,,1.0,,,,,,,,,,,1.0,,,1.0,,,,,
USC00272800,1986,1,WT04,,,1.0,,,,,,,,,,,,,,,,,,,,,,,,,,,,
USC00272800,1986,2,WT04,,,,,,,,,,,,,,,,,,,1.0,,,,,,,,,,,,
USC00272800,1987,1,WT04,,,,,,,,,,,,,,,,,,,1.0,,,,,,,,,,,,
USC00272800,1989,3,WT04,,,,,,,,,,,,,,,,,,,,,,,,,,,,,,1.0,
USC00272800,1990,9,WT04,,,,,,,,,,,,,,,,,,,,,,,,,,,,,,1.0,
USC00272800,1991,12,WT04,,,1.0,1.0,,,,,,,,,,,,,,,,,,,,,,,,,,,
USC00272800,1997,1,WT04,,,1.0,,,,,,,,,,,,,,,,,,,,,,,,,,,,
USC00272800,2007,1,WT04,,,,,,,,,,,,,,,,,,,1.0,,,,,,,,,,,,
USC00272800,2021,12,WT04,,,,,,,,,,,,,,,,,,,1.0,,,,,,,,,,,,
USC00272800,2023,1,WT04,,,,,,,,,,,,,,,,,,,,1.0,,,,,,,,,,,
USC00272800,2023,11,WT04,,,,,,,,,,1.0,,,,,,,,,,,,,,,,,,,,,
USC00272800,2024,1,WT04,,,,,,,,,,,,,,,,,,,,,,,,,,,1.0,,,1.0,
USC00272800,2024,3,WT04,,,,,,,,,,,,,,,,,,,,,,,1.0,1.0,,,,,,,
USC00272999,1949,11,WT04,,,,,,,,,,,,,1.0,,,,,,,,,,,,,,,,,1.0,
USC00272999,1950,3,WT04,,,,,,,,,,,,,,,,,,,,,,,1.0,,,,,1.0,,,
USC00272999,1950,4,WT04,,,1.0,,,,,,,,,,,,,,,,,,,,,,,,,,,,
USC00272999,1950,11,WT04,,,,,,,,,,,,,,,,,,,,,,,,,1.0,,,,,,
USC00272999,1952,2,WT04,,,,1.0,,,,,,,,,,,,,,,,,,,,,,,,,,,
USC00272999,1952,3,WT04,,,,,,,,,,,1.0,,,,,,,,,,1.0,,1.0,,,,,,,,
USC00272999,1954,1,WT04,,,,1.0,1.0,,,,,,,,,,,,,,,,,,,,,,,,,,
USC00272999,1954,5,WT04,,,,,1.0,,,,,,,,,,,,,,,,,,,,,,,,,,
USC00272999,1997,3,WT04,,,,,,,,,,,,,,1.0,,,,,,,,,,,,,,,,,
USC00272999,1998,2,WT04,,,,,,,,,,,,,,,,,,1.0,,,,,,,,,,,,,
USC00272999,2007,12,WT04,,,,,,,,,,,,,,,,1.0,,,,,,,,,,,,,,,
USC00272999,2008,2,WT04,,,,,,,,,,,,,,,,,,,1.0,,,,,,,,,,,,
USC00272999,2008,3,WT04,,,,,,,,,,,,,,,,,,,,1.0,,,,,,,,,,,
USC00272999,2023,1,WT04,,,,,1.0,,,,,,,,,,,,,,,1.0,,,,,,,,,,,
USC00272999,2023,2,WT04,,,,,,,,,,,,,,,,,1.0,,,,,,,,,,,,,,
USC00272999,2023,4,WT04,,,,,,1.0,,,,,,,,,,,,,,,,,,,,,,,,,
USC00272999,2023,10,WT04,,,,,,,,,,,,,,,,,,,,,,,,,,,,,,1.0,
USC00272999,2024,1,WT04,,,,,,,,,,,,,,,,,,,,,,,,,,1.0,,,,,
USC00273626,1974,1,WT04,,,,,,,,,,,,,,,,,,,1.0,,,,,,,,,,,,
USC00273626,1974,3,WT04,,,,,,,,,,,,,,,,,,,,,1.0,,,,,,,,,,
USC00273626,1975,1,WT04,,,,,,,,,,,,,,,,,,,,,1.0,,,,,,,,1.0,,
USC00273626,1975,3,WT04,,,,,,,,,,,,,,,1.0,,,,,,,1.0,,,,,,,,,
USC00273626,1975,12,WT04,,,,,,,,,,,,,,,,,,,,,,1.0,,,,1.0,,,,,1.0
USC00273626,1976,1,WT04,,,1.0,,,,,,,,,,,,,,,,,,,,,,,,,,,,
USC00273626,1976,2,WT04,,,,,,,,,,,,,,,,,1.0,1.0,,,,,,,,,,,1.0,,
USC00273626,1976,3,WT04,,,1.0,,,,,,,,,,,,,,1.0,,1.0,,,,,,,,,,,,
USC00273626,1977,1,WT04,,,,,,,,,,1.0,,,,,,,,,,,,,,,,,,,,,
USC00273626,1977,2,WT04,,,,,,,,,,,,,,,,,,,,,,,,1.0,,,,,,,
USC00273626,1977,12,WT04,,,,,,,,,1.0,,,,,1.0,,,,,,,1.0,,,,,,,,,,
USC00273626,1978,1,WT04,,,,,,,,1.0,,,,,,1.0,,,,1.0,,1.0,1.0,,,,,,,,,,
USC00273626,1978,12,WT04,,,,,,,,,1.0,,,,,,,,,,,,1.0,,,,,,,,,,
USC00273626,1979,1,WT04,,,1.0,,,,1.0,,,,,,1.0,1.0,,,,,,,1.0,,,,1.0,,,,,1.0,
USC00273626,1979,2,WT04,,,,,,,,,,,,,,,,,,,,,,,,1.0,,1.0,1.0,,,,
USC00273626,1979,4,WT04,,1.0,,,,,,,1.0,,,,,1.0,,,,,,,,,,,,,,,,,
USC00273626,1980,2,WT04,,,,,,,,,,,,,,,,,,,,,,1.0,,,,,,,,,
USC00273626,1980,3,WT04,,,,,,,,,,,,,,1.0,,,,,,,1.0,,,,,,,,,,
USC00273626,1980,11,WT04,,,,,,,,,,,,,,,,,,,,,,,,,,,,1.0,,,
USC00273626,1980,12,WT04,,,,,,,,,,1.0,,,,,,,,,,,,,,,,,,,1.0,,
USC00273626,1981,2,WT04,,,,,,,,,,,,,,,,,,,,,,,,,1.0,1.0,,1.0,,,
USC00273626,1981,3,WT04,,,,,,1.0,1.0,,,,,,,,,,,,,,,,,,,,,,,,
USC00273626,1981,12,WT04,,,,,,1.0,,,,,,,,,1.0,1.0,,,,,,1.0,1.0,,,,,,,,
USC00273626,1982,1,WT04,,,,1.0,,,,,,,,,,,,,,,,,,,1.0,,,,,,,,
USC00273626,1982,2,WT04,1.0,,1.0,,,,,,,,,,,,,,,,,,,,,,,,,,,,
USC00273626,1982,3,WT04,,,,,,,,,,,,,,,,,,,,,1.0,,,,,,,,,,
USC00273626,1982,12,WT04,,,,,,,,,,,,,,,,,,,,1.0,,,1.0,1.0,,,,,,,
USC00273626,1983,3,WT04,,,,,,,1.0,1.0,1.0,,,,1.0,,,,,,,,,,,,,,,,,,
USC00273626,1983,11,WT04,,,,,,,,,,,,,,,,,,,,,,,,,,,,1.0,,,
USC00273626,1983,12,WT04,,,,1.0,,,,,,,,,,,,,,,,,,1.0,,,,,,,,,
USC00273626,1984,1,WT04,,,,,,,,,,1.0,,,,,,,,,,,,,,1.0,,,,,,,
USC00273626,1984,2,WT04,,,,,,1.0,,,,,1.0,,,,,,,1.0,,,,,,,,,,1.0,,,
USC00273626,1984,3,WT04,,,,,1.0,,,,,,,,,1.0,,,1.0,1.0,1.0,,,,,,,,,,1.0,1.0,
USC00273626,1984,12,WT04,,,,,,1.0,,,,,,,,,,,,,,,,1.0,,,,,,1.0,,,
USC00273626,1985,1,WT04,1.0,,,,,,,,,,,,,,,,,,,,,,,,,,,,,,
USC00273626,1985,2,WT04,1.0,1.0,,,,,,,,,,,,,,,,,,,,,,,,,,,,,
USC00273626,1985,3,WT04,,,,,1.0,,,1.0,,,,,,,,,,,,,,,,,,,,,,,
USC00273626,1985,4,WT04,1.0,,,,,,,,,,,,,,,,,,,,,,,,,,,,,,
USC00273626,1985,11,WT04,,,,,,,,,,,,1.0,,,,,,,,,,1.0,1.0,,,1.0,,,,,
USC00273626,1985,12,WT04,,,,,,,,,,,1.0,1.0,1.0,,,,,,,,,,,,,,,,,,
USC00273626,1986,1,WT04,,,1.0,,1.0,,,,,,,,,,,,,,,,,,,,,,,,,,
USC00273626,1986,2,WT04,,,,,,,,,,,,,,,,,,1.0,1.0,,,,,,,,,,,,
USC00273626,1986,6,WT04,,,,,,,,,,,,,,,,,,,,,,,,,,,,,1.0,,
USC00273626,1986,12,WT04,,,,,,,,,1.0,,,,,,,,,,,,,,,,,,,,,,
USC00273626,1987,1,WT04,,1.0,,,,,,,,1.0,1.0,,,,,,,1.0,,,,1.0,,,,,,,,,
USC00273626,1987,3,WT04,1.0,,,,,,,,,,,,,,,,,,,,,,,,,,,,,,
USC00273626,1987,11,WT04,,,,,,,,,,,1.0,1.0,,,,,,,,,,,,,,,,,,,
USC00273626,1987,12,WT04,,,,,,,,,,,,,,,,,,,,1.0,,,,,,,,,,,
USC00273626,1988,1,WT04,,,,,,,,,,,,,,,,,,,,1.0,,,,,,1.0,,,,,
USC00273626,1988,2,WT04,,,,,,,,,,,,1.0,,,,,,,,,,,,,,,,,,,
USC00273626,1988,12,WT04,,,,,,,,,,,,,,,,,,,,,,,1.0,,,,,,,,
USC00273626,1989,1,WT04,,,,,,,,,,,,1.0,,,,,,,,,,,,,,1.0,,,,1.0,
USC00273626,1989,2,WT04,,1.0,1.0,,,,,,,,,,,1.0,,,,,,,,,,,,,,,,,
USC00273626,1989,3,WT04,,,,,1.0,1.0,,,,,,,,,,,,,,,,,,,1.0,,,,,,
USC00273626,1989,11,WT04,,,,,,,,,,,,,,,,,,,,1.0,,,,,,1.0,,1.0,,,
USC00273626,1989,12,WT04,,1.0,1.0,,,,1.0,,,,,,,,,,,,,,,,,,,,,,,,1.0
USC00273626,1990,1,WT04,,,,,,,,,,,,,,,,,,,,,,,,,,,,,1.0,1.0,
USC00273626,1990,2,WT04,,1.0,,,,,,,,,,,,,1.0,1.0,1.0,,,,,,,,,,,,,,
USC00273626,1990,3,WT04,,,,,,,,,,,,1.0,,,,,,,,,,,,,,,,,,1.0,1.0
USC00273626,1990,4,WT04,,1.0,,,,,,,,,,,,,,,,,,,,,,,,,,,,,
USC00273626,1990,11,WT04,,,,,,,,,,,,,,,,,,,1.0,,,,,,,,,,,,
USC00273626,1990,12,WT04,,,,,,,,,,,,,,,1.0,1.0,,,,,,,,,,,,,,,
USC00273626,1991,1,WT04,,,,,,,,,1.0,1.0,,,,,,,,,,,,,,,,,,1.0,,,
USC00273626,1991,2,WT04,,,,,,,,,,,,,,1.0,,,,,,,,,,,,,,,,,
USC00273626,1991,12,WT04,,,1.0,,,,,,,,,,,,,,,,,,1.0,,,,,,,,,1.0,
USC00273626,1992,1,WT04,,,,,,,,,,,,,,,,,,,,,,,1.0,,,,,,,,
USC00273626,1992,2,WT04,,,,,,,,,,,,,,,,,,,,,,,,,1.0,,,,,,
USC00273626,1992,4,WT04,,,,,,,,,,,1.0,,,,,,1.0,,,,,,,,,,,,,,
USC00273626,1993,2,WT04,,,,,,,,,,,,,1.0,,,1.0,,,,,,,,,,,,,,,
USC00273626,1993,3,WT04,,,,,1.0,1.0,,,1.0,,,,1.0,,,,,,,,,,,,,,,,,,
USC00273626,1993,4,WT04,1.0,1.0,,,,,,,,,,,,,,,,,,,,,,,,,,,,,
USC00273626,1994,1,WT04,,,,1.0,,,,1.0,,,,,,,,,1.0,1.0,,,,,,,,,,1.0,,,
USC00273626,1994,2,WT04,,,,,,,,,,,,,1.0,,,,,,,,,,,1.0,,,,,,,
USC00273626,1994,3,WT04,,,1.0,1.0,,,,,,1.0,,,,,,,,,,,,,,,,,,,,,
USC00273626,1994,11,WT04,,,,,,,,,,,,,,,,,,,,,,,,,,,,1.0,,,
USC00273626,1994,12,WT04,,,,,,,1.0,,,,1.0,,,,,,,1.0,,,,,,,,,,,,,
USC00273626,1995,1,WT04,1.0,,,,,,,,,,,1.0,1.0,,,,,,,,,,,,,,,,,,
USC00273626,1995,2,WT04,,,,1.0,,,,,,,,,,,,,,,,,,,,,,,,1.0,,,
USC00273626,1995,12,WT04,,,1.0,,,,,,1.0,,,,,,1.0,1.0,1.0,,,,,,,,,,,,,,
USC00273626,1996,1,WT04,,,,,,,,1.0,,,,,1.0,,,1.0,,,,,,,,,,,,,,,
USC00273626,1996,2,WT04,,,,,,,,,,,1.0,,,,,,,,,,,,,,,,,,,,
USC00273626,1996,3,WT04,,,1.0,,1.0,,1.0,,,,,,,,,1.0,,,,,,,,,,,,,,,
USC00273626,1996,4,WT04,,,,,,,1.0,1.0,,,,,,,,,,,,,,,,,,,,,,,
USC00273626,1996,11,WT04,,,,,,,,,,,,,,,,,,,,,,,,,,,1.0,,,,
USC00273626,1997,1,WT04,,,1.0,,,,,,,,,,,,,,,,,,,,,,1.0,,,1.0,,,
USC00273626,1997,3,WT04,,,,,,,,,,,,,,1.0,,,,,,,,,,,,,,,,,
USC00273626,1997,11,WT04,,,,,,,,,,,,,,1.0,1.0,,,,,,,1.0,,,,,,,,1.0,
USC00273626,1997,12,WT04,,,,,,,,,,,,,,,,,,,,,,,,,1.0,,,,,,
USC00273626,1998,1,WT04,,,,,,,,,,,,,,,,,,,,,,,1.0,1.0,,,,,,1.0,
USC00273626,1998,2,WT04,,,,,,,,,,,,,,,,,,1.0,,,,,,1.0,,,,,,,
USC00273626,1998,3,WT04,,,,,,,,,,,,,,,,,,,,,1.0,1.0,,,,,,,,,
USC00273626,1998,12,WT04,,,,,,,,,,,,,,,,,,,1.0,,,,,,,,,,,1.0,
USC00273626,1999,1,WT04,,,1.0,,,,,,1.0,,,,1.0,,,,,,,,,,,,,,,,,,
USC00273626,1999,2,WT04,,,,,,,,,,,,,,,,,,,,,,,,,,,,1.0,,,
USC00273626,1999,12,WT04,,,,,,,,,,,,,,,,,,,,,,1.0,,,,,,,,,
USC00273626,2000,1,WT04,,,,,,,,,,,,,,,,,,,,,,,,,1.0,,,,,,1.0
USC00273626,2000,2,WT04,,,,,,,,,,,1.0,,,1.0,,,,,,,,,,,1.0,1.0,,,,,
USC00273626,2000,3,WT04,,,,,,,,,,,1.0,1.0,,,,,1.0,,,,,,,,,,,,,,
USC00273626,2000,12,WT04,,,,,,,,,,,,,,1.0,,,,,,1.0,,,,,,,,,,1.0,
USC00273626,2001,1,WT04,,,,,,,,,,,,,,,,,,,,,,,,,,,,,,1.0,1.0
USC00273626,2001,2,WT04,,,,,,,,,1.0,,,,,,,,,,,,,,,,1.0,,,,,,
USC00273626,2001,3,WT04,,,,,,1.0,1.0,,,,,,1.0,1.0,,,,,,,,,1.0,,,,,,,1.0,
USC00273626,2001,5,WT04,,,,,,,,,,,,1.0,,,,,,,,,,,,,,,,,,,
USC00273626,2002,11,WT04,,,,,,,,,,,,,,,,,1.0,1.0,,,,,,,,,,,,,
USC00273626,2002,12,WT04,,,,,,,,,,,,,,,,,,,,,,,,,,1.0,,,,,1.0
USC00273626,2003,1,WT04,,1.0,1.0,1.0,,1.0,,,,,,,,,,,,,,,,,,,,,,,,,
USC00273626,2003,2,WT04,,1.0,,,,,,,,,,,,,,,,,,,,1.0,,,,,,,,,
USC00273626,2003,4,WT04,,,,,1.0,,,,,,,,,,,,,,,,,,,,,,,,,,
USC00273626,2003,11,WT04,,,,,,,,,,,1.0,,,,,,,,,,,,,,,,,,1.0,,
USC00273626,2003,12,WT04,,,,,,,,,,,,,,,1.0,,,,,,,,,,,,,,,,
USC00273626,2004,1,WT04,,1.0,,1.0,1.0,1.0,,,,,,,,,,,,,,,,,,,,,,,,,
USC00273626,2004,2,WT04,,,1.0,1.0,,1.0,1.0,,,,,,,,,,,,,,1.0,,,,,,,,,,
USC00273626,2004,3,WT04,,,,,,,,,,,,,,,,,,,,1.0,,,,,,,,,,,
USC00273626,2004,12,WT04,,,,,,,1.0,,,,,,,,,,,,,,,,,,,,,,,,
USC00273626,2005,1,WT04,,,,,,1.0,,,,1.0,,1.0,1.0,1.0,,,,,,,,,,,,,,,,,
USC00273626,2005,2,WT04,,,,,,,,,,1.0,,,,,1.0,,,,,,1.0,,,,,,,,,,
USC00273626,2005,3,WT04,,,,,,,,1.0,,,1.0,1.0,,,,,,,,,,,,,,,,,,,
USC00273626,2005,12,WT04,,,,,,,,,,,,,,,,1.0,,,,,,,,,,,,,,,
USC00273626,2006,1,WT04,,,,,,,,,,,,,,,1.0,,,,,,,,,,,,,,,,1.0
USC00273626,2006,12,WT04,,,,,,,,1.0,,,,,,,,,,,,,,,,,,,,,,,
USC00273626,2007,1,WT04,1.0,,,,,,,,,,,,,1.0,,,,,,,,,,,,,,,,,
USC00273626,2007,2,WT04,,,,,,,,,,,,,,1.0,1.0,,,,,,,,,,,,,,,,
USC00273626,2007,3,WT04,,1.0,,,,,,,,,,,,,,,1.0,,,,,,,,,,,,,,
USC00273626,2007,4,WT04,,,,1.0,1.0,,,,,,,1.0,1.0,,1.0,,,,,,,,,,,,,,,,
USC00273626,2007,12,WT04,,,1.0,,,,,,,1.0,,1.0,,,,1.0,,,,,,,,,,,1.0,,,,
USC00273626,2008,1,WT04,1.0,,,,,1.0,,,,,,,,,,,,1.0,,,,,,,,,,,,,
USC00273626,2008,2,WT04,1.0,,,,,1.0,1.0,,,1.0,,,1.0,,,,,,,,,,,,,,,,,,
USC00273626,2008,3,WT04,,,,,,,,,,,,,,,,,,,,,,,,,,,,1.0,,,
USC00273626,2008,12,WT04,,,,,,,,,,,,,,,,,1.0,,,,,,,,,,,,,,
USC00273626,2009,1,WT04,,,,,1.0,,1.0,1.0,,,,,,,,,,,,,,,,,,,,1.0,,,
USC00273626,2009,12,WT04,,,,,,,,,,,,,,,,,,,,,,,,,,1.0,,,,,
USC00273626,2010,1,WT04,,,,,,,,,,,,,,,,,,1.0,1.0,,,,,,,,,,,,
USC00273626,2010,11,WT04,,,,,,,,,,,,,,,,,,,,,,,,,,1.0,,,,,
USC00273626,2011,1,WT04,,,,,,,,,,,,,,,,,,1.0,,,,,,,,,,,,,
USC00273626,2011,2,WT04,,1.0,,,1.0,,,,,,,,,,,,,,,,,,,,1.0,,,1.0,,,
USC00273626,2011,4,WT04,1.0,,,,,,,,,,,,,,,,,,,,,,,,,,,,,,
USC00273626,2011,10,WT04,,,,,,,,,,,,,,,,,,,,,,,,,,,,,,1.0,
USC00273626,2011,12,WT04,,,,,,,,,,,,,,,,,,,,,1.0,,,,,,,,,,
USC00273626,2012,1,WT04,,,,,,,,,,,,1.0,,,,,,,,,,,,,,,,,,,
USC00273626,2012,3,WT04,,,,,,,,,,,,,,,,,,,,,,,,,,,,1.0,,,
USC00273626,2012,11,WT04,,,,,,,,1.0,,,,,,,,,,,,,,,,,,,,,,,
USC00273626,2012,12,WT04,,,,,,,,,,,,,,,,,1.0,,,,,,,,,,,,,,
USC00273626,2013,1,WT04,,,,,,,,,,,,,,,,1.0,,,,,,,,,,,,,,,
USC00273626,2013,2,WT04,,,,,,,,,,,1.0,,,,,,,,,,,,,,,,,,,,
USC00273626,2013,3,WT04,,,,,,,1.0,,,,,,,,,,,,,,,,,,,,,,,,
USC00273626,2013,4,WT04,,,,,,,,,,,,1.0,,,,,,,,,,,,,,,,,,,
USC00273626,2013,12,WT04,1.0,,,,,,,,,,,,,,1.0,,,,,,,,,,,,,,,,
USC00273626,2014,2,WT04,,,,,,,,,,,,,1.0,1.0,,,,,,,,,,,,,,,,,
USC00273626,2014,3,WT04,,,,,,,,,,,,,,,,,,,,,,,,,,,,,,,1.0
USC00273626,2015,12,WT04,,,,,,,,,,,,,,,,,,,,,,,,,,,,,1.0,1.0,
USC00273626,2017,3,WT04,,,,,,,,,,,,,,,1.0,,,,,,,,,,,,,,,,
USC00273626,2017,12,WT04,,,,,,,,,,,,,,,,,,1.0,,,,,,,,,,,,,
USC00273626,2018,2,WT04,,,,,,,,1.0,,,,,,,,,,,,,,,,,,,,,,,
USC00273626,2022,3,WT04,,,,,,,,,,,,,,,,,,,,,,,,,,,,1.0,,,
USC00273850,1926,3,WT04,,,,,,,,,,,,,,,,,,,,,,,,,,,,,,,1.0
USC00273850,1927,3,WT04,,,,,,,,,,,,,,,,,,,,,1.0,,,,,,,,,,
USC00273850,1928,4,WT04,,,,,,,,,,,,,,,,,,,,,,1.0,,,,,,,,,
USC00273850,1929,1,WT04,1.0,,,,,,,,,,,,,,,,,,,,,,,,,,,,,,
USC00273850,1929,2,WT04,,,,,,,,,,,,,,,,,,,,,,,,,,1.0,,,,,
USC00273850,1929,3,WT04,,,,,,,,,,,,,,,,,,,,,,,,,1.0,,,,,,
USC00273850,1929,12,WT04,,,,,,,,,,,,,,,,,1.0,,,,,,,,,,,,,,
USC00273850,1930,1,WT04,,,,,,,,,,1.0,,,,,,,,,,,,,,,,,,,,,
USC00273850,1930,3,WT04,,,,,,,,,1.0,,,,,,,,,,,,,,,,,,,,,,
USC00273850,1931,11,WT04,,,,,,,,,,,,,,,,,,,,,,,,,1.0,,,,,,
USC00273850,1931,12,WT04,,,,,,,,,1.0,,,,,,,,,,,,1.0,,,,,,,,,,
USC00273850,1932,1,WT04,,,,,,,,,,,,,,,,,,,,,,,1.0,,,,,,1.0,,
USC00273850,1932,3,WT04,,,,,,,,,,,,,,,,,,,,,,1.0,,,,,,,,,
USC00273850,1933,2,WT04,,,,,,,,,,,,,,,,,,,,1.0,,,,,,,,,,,
USC00273850,1933,3,WT04,,,,,,,,,,,,,1.0,1.0,1.0,1.0,,,,1.0,1.0,,,,,,,,,,
USC00273850,1933,4,WT04,,,,,,,,,,,1.0,,,,,,,,,,,,,,,,,,,,
USC00273850,1933,12,WT04,,,,,,,,,,,,,,,1.0,,,,,1.0,,,,,,,,,,,1.0
USC00273850,1934,3,WT04,,,,,,,,,,,,,,,,,,,,,,,,,,,,1.0,,,1.0
USC00273850,1934,12,WT04,,,,,,,,,,,,,,,,,,,,,,,,,,1.0,,,,,
USC00273850,1935,2,WT04,,,,,,,,,,,,,,1.0,1.0,,,,,,,,,,,,,,,,
USC00273850,1935,3,WT04,,,,,,,,,,,,,,,,,,,,,,,,,,,,1.0,,,
USC00273850,1935,4,WT04,1.0,,,,,,,,,,,,,,,,,,,,,,,,,,,,,,
USC00273850,1936,2,WT04,,,,,,,,,,,,,,,,,,,,,,,,,,,1.0,,,,
USC00273850,1936,4,WT04,,1.0,,,,,,,,,,,,,,,,,,,,,,,,,,,,,
USC00273850,1936,12,WT04,,,,,,,,,,,,,,,,,,,,,,,,,,,,,,1.0,
USC00273850,1937,1,WT04,,,,,,,,,,,,,1.0,,,,,,,1.0,1.0,,,1.0,1.0,,,,,,
USC00273850,1937,2,WT04,,,,,,,,1.0,,,,,,,,,,,,,,,,,,,,,,,
USC00273850,1937,11,WT04,,,,,,,,,,,,,1.0,,,,,,,,,,,,,,,,,,
USC00273850,1937,12,WT04,,,,,,1.0,1.0,,,,,,,,,,,,,,,,,,,,,,,,
USC00273850,1938,3,WT04,,,,,,,,,,,,,,,,1.0,,,,,,,,,,,,,,,
USC00273850,1938,12,WT04,,,1.0,,,,,,,,,,,,,,,1.0,,,,,,,,,,,,,
USC00273850,1939,1,WT04,,,,,1.0,,,,,,,,,,,,,,,,,,,,,,,,,,
USC00273850,1939,2,WT04,,,,,,,,,,1.0,,,,,,,,,,,,,,,,,,1.0,,,
USC00273850,1939,3,WT04,,,,,,,,,,,,,,,1.0,,,,,,,,,,,,,,,1.0,
USC00273850,1939,4,WT04,,,,,,,,,,1.0,,,,,,,,,,,,,,1.0,,,,,,,
USC00273850,1939,11,WT04,,,,,1.0,,,,,,,,,,,,,,,,,,,,,,,,,,
USC00273850,1939,12,WT04,,,,,,,,,,,,,,,,,1.0,,,1.0,,,,,,,,,,,
USC00273850,1940,2,WT04,,,,,,1.0,,,,1.0,,,,,,,,,,,,,,,,,,,,,
USC00273850,1940,3,WT04,,,,,,,,,,,,,,,,,,,1.0,,,,,,,,,,,,
USC00273850,1940,4,WT04,,,,,,,,,,,,1.0,,,,,,,,,,,,,1.0,,,,,,
USC00273850,1940,10,WT04,,,,,,,,,,,,,,,,,,,,,,,,,,,,,,1.0,
USC00273850,1940,11,WT04,,,,,,,,,,,,,,,,,,,,,,,1.0,1.0,,,,,,,
USC00273850,1940,12,WT04,,,,,,,1.0,,,,,1.0,,,,1.0,,,,,,,,,,,,,,,
USC00273850,1941,1,WT04,,,,,,,,,,,,,,,,,1.0,,,,,,,,,,,,,,
USC00273850,1941,2,WT04,,,,,,,1.0,,,,,,,,1.0,,,,,,,,,,,,,,,,
USC00273850,1941,3,WT04,,,,,,,,1.0,1.0,,,,,,,,,,,,,,,,,,,,,,
USC00273850,1941,11,WT04,,,,,,,,,,,,,,,,,,,,,,,,,,,,,1.0,,
USC00273850,1941,12,WT04,,1.0,,,,,,,,,,,,,,,,,,,,,,,,,,,,,
USC00273850,1942,2,WT04,,,,,,,,,,,,,,,,1.0,,,,,,,,,,,,,,,
USC00273850,1942,3,WT04,,,,,,,,,1.0,,,,,,,,,,,,1.0,,,,,,,,,,
USC00273850,1942,12,WT04,,,,,,,,,,,,,,,,,,,,,,,,,,,1.0,1.0,1.0,,
USC00273850,1943,1,WT04,,,,,,,,,,,,,,,,,,1.0,1.0,,,,,,,,,,,,
USC00273850,1943,2,WT04,,,,,,,,,,1.0,,,,,,,,,,,,,,,,,,,,,
USC00273850,1943,3,WT04,,,,,,,,,,,,,,,,1.0,,,1.0,1.0,,,,,,,,,,,
USC00273850,1944,1,WT04,,,,,,,,,,,,,,,,,,,,,,,,,1.0,,,,,,
USC00273850,1944,4,WT04,,,,,,,,,,,,,,,1.0,,,,,,,,,,,,,,,,
USC00273850,1944,11,WT04,,,,,,,,,,,,,,,,1.0,,,,,,,,,,,,,,,
USC00273850,1945,2,WT04,,,,,,,,,,,,,,,,,,,,,,1.0,,,,,,,,,
USC00273850,1945,3,WT04,,,,,,,,,,,,,,,,,,,,,1.0,,,,,,,,,,
USC00273850,1945,10,WT04,,,,,,,,,,,,,,,,,,,,,,,,,,,1.0,,,,
USC00273850,1945,11,WT04,,,,,,,,,,,1.0,,,,,,,,,,,,,,,,,,,,
USC00273850,1946,1,WT04,,,,,,,,,,,,,,,,,,,,,,,,,,,,,,,1.0
USC00273850,1946,2,WT04,,,,,,1.0,,,,,,,,,,,,,,,,,,,,,1.0,,,,
USC00273850,1946,4,WT04,,1.0,,,,,,,1.0,,,,,,,,,,,,,,,,,,,,,,
USC00273850,1946,12,WT04,,,,,,,,,,,,,,,,,,,,,,,,,,,,,1.0,,
USC00273850,1947,1,WT04,,1.0,1.0,,,,,,,,,,,,,,,,,,,,,,,,,,,,
USC00273850,1947,4,WT04,,,,,,,,,,,,,,,,1.0,,,,,,,,,,,,,,,
USC00273850,1947,11,WT04,,,,,,,,,,,,,,,,,,,,,,1.0,,1.0,,,,,,,
USC00273850,1948,2,WT04,,,,,,,,,,,,,1.0,,,,,,,,,,,,1.0,,,,,,
USC00273850,1948,3,WT04,,,,,,,,,,,,,,,,,,,1.0,,,,,,,,,,,,
USC00273850,1949,11,WT04,,,,,,,,,,,,,1.0,,,,,,,,,,,,,,,,,,
USC00273850,1950,1,WT04,,,,,,1.0,,,,,,,,,1.0,,,,,,,,,1.0,,,,,,,
USC00273850,1952,12,WT04,,,,,1.0,,,,,,,,,,,,,,,,,,1.0,,,,,,,,
USC00273850,1953,1,WT04,,,,,,,,,,1.0,,,,,,,,,,,,,,,,,,,,,
USC00273850,1953,5,WT04,,1.0,,,,,,,,,,,,,,,,,,,,,,,,,,,,,
USC00273850,1954,3,WT04,,,,,,,,,,,,,1.0,,,,,,,,,,,,1.0,,,,,,
USC00273850,1955,1,WT04,,,,,,1.0,,,,,,,,,,,,,,,,,,,,,,,,,
USC00273850,1955,3,WT04,1.0,,,,1.0,,,,,,,,,,,,,,,,1.0,1.0,,,,,,,,,
USC00273850,1955,12,WT04,,,,1.0,,,,,,,,,,,,,,,,,,,,1.0,,,,,,,
USC00273850,1956,1,WT04,,,,,,,,1.0,,,,,,1.0,,,,,,,,,,,,,,,,,
USC00273850,1956,3,WT04,,,,,,,1.0,1.0,,,,,,,,,,,,,,,,,,,,,,,
USC00273850,1956,4,WT04,,,,,,,,,,,,,,,1.0,,,,,,,,,,,,,,,,
USC00273850,1956,12,WT04,,,,,,,,,,,,,1.0,,,,,,,,,,,,,,,,,,
USC00273850,1957,2,WT04,,,,,,,,,,,,,,,,,,,,,,,,,,,1.0,,,,
USC00273850,1957,4,WT04,,,,,1.0,,,,1.0,,,,,,,,,,,,,,,,,,,,,,
USC00273850,1957,12,WT04,,,,,,,,,1.0,,,,,,,,,,,,,,,,,,,,,,
USC00273850,1958,11,WT04,,,,,,,,,,,,,,,,,,,,,,,,,,1.0,,,,,
USC00273850,1959,1,WT04,,,,,,,,,,,,,,,,,,,,,1.0,,,,,,,,,,
USC00273850,1959,2,WT04,,,,,,,,,1.0,1.0,,,,,,,,,,,,,,,,,,,,,
USC00273850,1960,1,WT04,,,,,,,,,,,,,,,1.0,,,,,,,,,,,,,,,,
USC00273850,1960,4,WT04,,,,,1.0,,,,,,,,,,,,,,,,,,,,,,,,,,
USC00273850,1961,2,WT04,,,,,,,,,,,,,,,,,1.0,,,,,,,,,,,,,,
USC00273850,1961,3,WT04,,,,,1.0,1.0,,,,,,,,,,,,,,,,,,,,,,,,,
USC00273850,1961,4,WT04,1.0,,,,,,,,,,,,,,,1.0,,,,,,,,,,,,,,,
USC00273850,1961,12,WT04,,,,1.0,,,,,,,,,,,,,,,,,,,,,,,,,,,
USC00273850,1962,1,WT04,,,,,,,1.0,,,,,,,,,,,,,,,,,,,1.0,,,,,
USC00273850,1963,2,WT04,,1.0,,,,,,,,,,,,,,,,,,,,,,,,,,,,,
USC00273850,1963,3,WT04,,,,,,1.0,,,,,,1.0,1.0,,,,1.0,,,,,,,,,,,,,,
USC00273850,1964,1,WT04,1.0,,,,,,,,1.0,,,,,,,,,,,,,,,,,,,,,,
USC00273850,1964,3,WT04,,,,,,,,,1.0,1.0,,,,,,,,,,,,,,,,,,,,,
USC00273850,1964,4,WT04,,,1.0,,,,,,,,,,,,,,,,,,,,,,,,,,,,
USC00273850,1964,11,WT04,,,,,,,,,,,1.0,,,,,1.0,,,1.0,,,,,,,,,,,,
USC00273850,1964,12,WT04,,,,1.0,,,,,,,,,,,,,,,,,,,,,,,1.0,,,,
USC00273850,1965,1,WT04,,,,,,,,,,,,,,,,,,,,,,,,1.0,,,,,,,
USC00273850,1965,2,WT04,,,,,,,,,,1.0,,,,,,,,,,,,,,,1.0,,,,,,
USC00273850,1965,4,WT04,,,,,,,1.0,,,,,,,,,,,,,,,,,,,1.0,,,,,
USC00273850,1965,11,WT04,,,,,,,,,,,,,,,,,,,,,,,,,,1.0,,,,,
USC00273850,1965,12,WT04,,,1.0,,,,,,,,,,,,,,,,,,,,,,1.0,,,,,,
USC00273850,1966,1,WT04,,,1.0,,,,,,,,,,,,,,,,,,,,,,,,,,,,
USC00273850,1966,4,WT04,,,,,,,,,,1.0,,,,,,,,,,,,,,,,,,1.0,,,
USC00273850,1966,5,WT04,,,,,,,,,1.0,,,,,,,,,,,,,,,,,,,,,,
USC00273850,1966,12,WT04,,,,,1.0,,,,,,,,,,,,,,,,,,,,,,,,,,
USC00273850,1967,1,WT04,,,,,,,,,,,,,,,,,,,,,,,,,,,1.0,,,,
USC00273850,1968,12,WT04,,1.0,,,,,,,,,,,,,,,,,,,,,,,,,,1.0,,,
USC00273850,1969,1,WT04,,,,,,,,,,,,,,,,,,,,,,,,,,,,,,1.0,
USC00273850,1969,12,WT04,,,,,,,,1.0,,,,,,,,,,,,,,,,,,1.0,1.0,,,,
USC00273850,1970,3,WT04,,,,1.0,,,,,,,,,,,,,,,,,,,,,,,,,,,
USC00273850,1970,4,WT04,,1.0,,,,,,,,,,,,,,,,,,,,,,,,,,,,,
USC00273850,1970,12,WT04,,,,,,,,,,,,,,,,,1.0,,,,,,,,,,,,,,
USC00273850,1971,1,WT04,,,,1.0,,,,,,,,,,,,,,,,,,,,,,,,,,,
USC00273850,1971,2,WT04,,,,,1.0,,,,,,,,1.0,1.0,,,,,,1.0,,,1.0,,,,,,,,
USC00273850,1971,3,WT04,,,,1.0,,,,,,,,,,,,,,,,,,,,,,,,,1.0,,
USC00273850,1971,11,WT04,,,,,,,,,,,,,,,,,,,,,,,,,,,,,,1.0,
USC00273850,1971,12,WT04,,,,,,,,,,,,,,,1.0,,,,,,,,,,,,,1.0,,,
USC00273850,1972,1,WT04,,1.0,,,,,,,,,,,,,,,,,,,,,,,,,,,,,
USC00273850,1972,3,WT04,,1.0,,,,,,,,,,,,,,,,,,,,,,,,,,,,,
USC00273850,1972,4,WT04,,,,,,,,,,,,,1.0,,,,,,,,,,,,,,,,,,
USC00273850,1972,11,WT04,,,,1.0,1.0,,,,,,,,,1.0,,,,,,1.0,,,,,,,,,,,
USC00273850,1972,12,WT04,,,,,,,,1.0,1.0,,,,,,,,,,,,,,,,,,,,,,1.0
USC00273850,1973,1,WT04,,,,1.0,,,,,,,,,,,,,,,,,,1.0,,,,,,,,,
USC00273850,1973,2,WT04,,1.0,,,,,,,,,,,,,,,,,,,,,,,,,,,,,
USC00273850,1973,12,WT04,,,,,,,,,,,,,,,,,1.0,,,1.0,1.0,,,,,,,,,,
USC00273850,1974,1,WT04,,,,,,,,,,,,,,,,,,1.0,,,1.0,,,,,,,1.0,,,
USC00273850,1974,2,WT04,,,,,,,,,,,,,,,,,,,,,,1.0,,,,,,,,,
USC00273850,1974,4,WT04,,,,,,,,,,,,,,,,,,,,,,,,1.0,,,,,,,
USC00273850,1978,1,WT04,,,,,,,1.0,,,,,,,,,,,,,,,,,,,,,,,,
USC00273850,1982,1,WT04,,,,,,,,,,,,,,,,,,,,,,,,,,,,,,1.0,
USC00273850,1983,11,WT04,,,,,,,,,,,,,,,,,,,,,,,,,,,,1.0,,,
USC00273850,1999,1,WT04,,,1.0,,,,,,,,,,,,,,,,,,1.0,,,,,,,,,,
USC00273850,2004,12,WT04,,,,,,,,,,,,,,,,,,,,,,,,,,1.0,,,,,
USC00273850,2016,11,WT04,,,,,,,,,,,1.0,,,,,,,,,,,,,,,,,,,,
USC00273850,2018,12,WT04,,,,,,,,,,,,,,,,,1.0,,,,,,,,,,,,,,
USC00273850,2019,4,WT04,,,,,,,,1.0,1.0,,,,,,,,,,,,,,,,,,,,,,
USC00273850,2021,2,WT04,,,1.0,,,,,,,,,,,,,,1.0,,,,,,,,,,,,,,
USC00273850,2022,3,WT04,,,,,,,,,,,,,,,,,,,,,,,,,,,,1.0,,,
USC00273850,2023,1,WT04,,,,,,,,,,,,,,,,1.0,,,,,,,,,,,,,,,
USC00273850,2023,2,WT04,,,,,,,,1.0,1.0,,,,,,,,,,,,,,,,,,,,,,
USC00273850,2023,5,WT04,,,,,,,,,,,,,,,,,1.0,,,,,,,,,,,,,,
USC00274399,1926,2,WT04,1.0,,,,,,,,,,,,,,,,,,,,,,,,,,,,,,
USC00274399,1926,3,WT04,,1.0,,,,,,,,,,,,,,,,,,,,,,,,,,,,,
USC00274399,1926,4,WT04,1.0,,,,,1.0,,,,,,,,,,,,,,,,,,,,,,,,,
USC00274399,1927,1,WT04,,,,,1.0,,,,,,1.0,,,,,,,,,,,,,,,,,,,,
USC00274399,1927,2,WT04,,,,,,,,,,,,,,,,,,,,1.0,,,,,,,,,,,
USC00274399,1927,12,WT04,,,,,,,,,,,,,,,,1.0,1.0,,,,,,,,,,,,,,
USC00274399,1928,3,WT04,,,,,,,,,,,,,,,,,,,,,,,,,,,,,,1.0,
USC00274399,1928,4,WT04,,,,,,,,,,,,,,,1.0,,,,,,,,,,,,,,,,
USC00274399,1929,2,WT04,,,,,,,,,,,,,,,,,,,,,,,,,,1.0,,,,,
USC00274399,1929,12,WT04,,,,,,,,1.0,,,,,,,,,,,,,,,,,,,1.0,,,,
USC00274399,1930,1,WT04,,,,,,,,,,,,,,,,,,1.0,,,,,,,,,,,,,
USC00274399,1930,3,WT04,,,,,,,,,,,,,,,,,1.0,,,,,,,,,,,,,,
USC00274399,1931,2,WT04,,,,,,,1.0,,,,,,,,,,,,,,,,,,,,,,,,
USC00274399,1931,4,WT04,,,,,,,,,,,,,,,,,,,,,,,,,,,,,1.0,,
USC00274399,1931,11,WT04,,,,,,,,,,,,,,,1.0,,,,,,,,,,,,,,,,
USC00274399,1931,12,WT04,,,,1.0,1.0,,,,1.0,,,,,,,,,,,,,,,,,,,,,,
USC00274399,1932,1,WT04,,1.0,,,,,,,,,,,,,,,,,,,,,,,,,,,,,
USC00274399,1932,3,WT04,,,,,,,,,,,,,,,,,,,,,,1.0,,,,,,1.0,,,
USC00274399,1932,4,WT04,,,,,,,,,,,1.0,,1.0,,,,,,,,,,,,,,,,,,
USC00274399,1932,12,WT04,,,,,,,,,,,,1.0,,,,,,,,,,,,,,,,,,,
USC00274399,1933,1,WT04,,,,,1.0,,,,,,,,,,,,,,1.0,,,,,,,,,,,,
USC00274399,1933,2,WT04,,,,,,,,,1.0,,,,,,,,,,,,,,,,,,,,,,
USC00274399,1933,3,WT04,,1.0,,,,,,,,,,,,,,,,,,,,,,,,,,,,,
USC00274399,1933,4,WT04,1.0,,,,,,,,,,,1.0,,,,,,,,,,,,,,,,,,,
USC00274399,1933,10,WT04,,,,,,,,,,,,,,,,,,,,,,,,,1.0,,1.0,,,,
USC00274399,1933,11,WT04,,,,,,,,,,,,,,,,,,,,,1.0,,,,,,,,,,
USC00274399,1933,12,WT04,,,1.0,,,,,,,,,,,,,,,,,,,,,,,,,,,,
USC00274399,1935,9,WT04,,,,,,,,,,,,,,,,,,,,,,,1.0,1.0,1.0,,,,,,
USC00274399,1935,11,WT04,,,,,,,,,,,,,,,,,1.0,1.0,,,,,,,,,,,,,
USC00274399,1936,2,WT04,,,,1.0,,,,,,,,,,,,,1.0,1.0,,,,,,,1.0,,,,,,
USC00274399,1936,4,WT04,,1.0,,,,,,,,,,,,,,,,,,,,,,,,,,,,,
USC00274399,1936,11,WT04,,,,,,,,,,1.0,,,,,1.0,,,,,,,,,,,,,,,,
USC00274399,1937,1,WT04,,,,1.0,,,,,,,,,,,,,,,,,,,,,,,,,,,
USC00274399,1937,2,WT04,,,,,,,,1.0,,1.0,,,,,,,,,,,,,,,,,,,,,
USC00274399,1937,3,WT04,,1.0,,,,,,1.0,1.0,,,,,,,,,,,,,,,,,,,,,,
USC00274399,1937,11,WT04,,,,,,1.0,,,,,,,,,,,,,,,,,,,,,,,,,
USC00274399,1937,12,WT04,,,,,,,,,,,,,,,,,1.0,,,,,,,,1.0,,,,,,
USC00274399,1938,2,WT04,,,1.0,,,,,,,,,,,,,,,,,,,,,,,,,,,,
USC00274399,1938,3,WT04,,,,,,,,,,,,,,,,,1.0,1.0,,,,,,,,,,,,,
USC00274399,1938,4,WT04,,,,,,,,1.0,,,,,,,,,,,,,,,,,,,,,,,
USC00274399,1939,1,WT04,,,1.0,1.0,,,,,,,,,,,,,,,,,,1.0,,,,,,,,,1.0
USC00274399,1939,2,WT04,,,,,,,,,,1.0,,,,,,,,,,,,,,,,1.0,,,,,
USC00274399,1939,3,WT04,,,,,,,,,,,,,,,1.0,,,,,,,,,,,,,,,,
USC00274399,1939,12,WT04,,,,,,,,,,,1.0,,,,,,,,,,,,,,,,,,,,
USC00274399,1940,1,WT04,,,,,,,,,,,,,,1.0,,,,,,,,,,,,,,,,,
USC00274399,1940,2,WT04,,,,,,,,,,1.0,1.0,,,,,,,,,,,,,,,,,,,,
USC00274399,1940,3,WT04,,,,1.0,,,,,,,,,,,1.0,,,,,,,,,,,,,,,,
USC00274399,1940,4,WT04,,,,,,,,,,,,,,,,,,,,1.0,,1.0,,,,,,,,,
USC00274399,1940,10,WT04,,,,,,,,,,,,,,,,,,,,,1.0,,,,,,,,,,
USC00274399,1940,12,WT04,,,,,,,,,,,,1.0,,,,,,,,,,,,,,,,,,,
USC00274399,1941,1,WT04,,,,,,,,,,,,,,,,,1.0,,,,,,,,,,,,,,
USC00274399,1941,3,WT04,1.0,,,,,,,,,,,,,,,,,,,,,,,,,,,,,,
USC00274399,1942,1,WT04,1.0,,,,,,,,,,,,,,,,,,,,,,,,,,,,,,1.0
USC00274399,1942,2,WT04,1.0,,,,,,,,,,,,,,,,,,,,,,,,,,,,,,
USC00274399,1942,3,WT04,,,1.0,,,,,,,,,,,,,,1.0,,,,1.0,,,,,,,,,,
USC00274399,1943,1,WT04,,,,,,,,,,,,,,,,,,1.0,1.0,,,,1.0,,,,,,,,
USC00274399,1943,3,WT04,,,,,,1.0,,,,,,,,,,1.0,,,,,,,,,,,,,,,
USC00274399,1943,4,WT04,,,,,,,,,,,,,,,,,,,1.0,,,,,,,,,,,,
USC00274399,1944,1,WT04,,,,,,1.0,,,,,,,,,,,,,,,,,,,,,,,,,
USC00274399,1944,2,WT04,,,,,,,,,,,,,,,,,,,,,,,,,,,1.0,,,,
USC00274399,1944,3,WT04,,,,,,,,,,,,,,,,,,,,,,,,,,,,,,1.0,
USC00274399,1944,12,WT04,,,,,,,,,,,,1.0,,,,,,,,,,,,,1.0,,,,,,
USC00274399,1945,1,WT04,,,,,,,,,,,,,,,,,,,,,,1.0,,,,,,,,,
USC00274399,1945,2,WT04,,,,,,,,,,,,,,,,,,,,,,1.0,,,,,,,,,
USC00274399,1945,11,WT04,,,,,,,,,,,1.0,,,,,,,,,,,,,,,,,,,,
USC00274399,1946,1,WT04,,,,,,,,,,,,,,,,,,,,,,,,,,,,,,1.0,
USC00274399,1946,2,WT04,,,,,,,,,,,,,,,,,,,,,,,,,,1.0,1.0,,,,
USC00274399,1946,10,WT04,1.0,,,,,,,,,,,,,,,,,,,,,,,,,,,,,,
USC00274399,1946,11,WT04,,,,,,,,,,,,,,1.0,,,,,,,,,,,,,,,,,
USC00274399,1946,12,WT04,,,,,,,,,,,,,,,,,,1.0,,,,,,,,,,1.0,1.0,,
USC00274399,1947,1,WT04,,1.0,1.0,,,,,,,,,,,1.0,1.0,,,,,1.0,,,,,,,,,,,
USC00274399,1947,12,WT04,,1.0,,,,,,,,,,,,,,,,,,,,,,,,,,,,,
USC00274399,1948,4,WT04,,,,,,,,,,,,,,1.0,,,,,,,,,,,,,,,,,
USC00274399,1948,12,WT04,,,,,,,,,,,,,,,,,,,,,,,,,,,,,1.0,,
USC00274399,1950,1,WT04,,,,,,,,,,,,,,,1.0,1.0,,,,,,,,1.0,,,,,,,1.0
USC00274399,1950,2,WT04,,,,,,,,,,,,,,,1.0,,,,,,,,,,,,,,,,
USC00274399,1950,11,WT04,,,,,,,,,,,1.0,,,,,,,,,,,,,,,,,,,,
USC00274399,1950,12,WT04,,,,,,,,,,,,,,,,,,,,,,,,,,,,,1.0,,
USC00274399,1951,2,WT04,,,,,,,,,,,,,,1.0,,,,1.0,,,,,,,,,,,,,
USC00274399,1951,3,WT04,,,,1.0,,,,,,,,,,,1.0,1.0,,,,1.0,,1.0,,,,,,,,,
USC00274399,1951,11,WT04,1.0,,,,,,,,,,,,,,,,,,,,,,,,,,,,,,
USC00274399,1952,12,WT04,,,,,,,,,,,,,,,,,,,,,,,1.0,1.0,,,,,,,
USC00274399,1953,1,WT04,,,,,,,,,,1.0,,,,,,,,,,,,,,,,,,,,,
USC00274399,1953,5,WT04,1.0,1.0,,,,,,,,,,,,,,,,,,,,,,,,,,,,,
USC00274399,1954,3,WT04,,,,,,,,,,,,,1.0,1.0,,,,,,,,,,,1.0,,,,,1.0,
USC00274399,1954,4,WT04,,,,,,,,,,,,,,,,,,1.0,,,,,,,,,,1.0,,,
USC00274399,1954,12,WT04,,,,,,,,,,,,,,1.0,,,,,,,,,,,,,,,,1.0,
USC00274399,1955,1,WT04,,,,,,1.0,,,,,,,,,,,,,,,,,,,,,,,,,
USC00274399,1955,3,WT04,,,,,1.0,1.0,1.0,,,,,,1.0,,,,,,,,,1.0,1.0,,,1.0,1.0,,,,
USC00274399,1955,4,WT04,,,1.0,1.0,,,,,,,,,,,,,,,,,,,,,,,,,,,
USC00274399,1962,2,WT04,,,,,,,,,,,,,,,,,,,,,,,,1.0,,,1.0,,,,
USC00274399,1963,1,WT04,,,,,,,,,,,,1.0,,,,,,,,,,,,,,,,,,,
USC00274399,1963,3,WT04,,,,,,,,,,,,1.0,,,,1.0,1.0,,,,,,,,,,,,,,
USC00274399,1963,5,WT04,,1.0,,,,,,,,1.0,,,,,,,,,,,,,,,,,,,,,
USC00274399,1964,2,WT04,1.0,1.0,,,,,1.0,,,,,,,,,,,,,,,,,,,,,,,,
USC00274399,1964,3,WT04,,,,,,,,,,1.0,1.0,,,,,,,,,,,,,,,,,,,,
USC00274399,1964,12,WT04,,,,1.0,1.0,,,,,,,,,,,,1.0,,,,,,,,,,,,,,
USC00274399,1965,2,WT04,,,,,,,,,,1.0,,,,,,,,,,,,,,,,,,,,,
USC00274399,1966,1,WT04,,,1.0,,,,,,,,,,,,,,,,,,,,,,,,,,,,
USC00274399,1966,2,WT04,,,,,,,,,,,,,,,1.0,1.0,1.0,,,,,,,,,,,,,,
USC00274399,1966,4,WT04,,,,,,,,,,,,,,,,,,,,,,,,,,,,1.0,1.0,,
USC00274399,1966,5,WT04,,,,1.0,,,,,,,,,,,,,,,,,,,,,,,,,,,
USC00274399,1966,12,WT04,,,,,,1.0,,,,,,,,,,,,,,,,,,,,,,,,,
USC00274399,1967,1,WT04,,,,,,,,,,,,,,,,,,,,,,,,,,,1.0,,,,
USC00274399,1967,2,WT04,,1.0,1.0,,,,,,,,,,,,,,,,,,,,,,,,,,,,
USC00274399,1967,3,WT04,,,,,1.0,,,,,,,,,,,,,,,,,,,,,,,,,,
USC00274399,1967,5,WT04,,,,,,,,1.0,,,,,,,,,,,,,,,,,,1.0,,,,,
USC00274399,1967,11,WT04,,,,1.0,,,,,,,,,,,,,,,,,,,,,,,,,,,
USC00274399,1967,12,WT04,,,1.0,,,,,,,,,,,,,,,,,,,,,,,,,,,,
USC00274399,1968,1,WT04,,,,,,,,,,,,,,,,,,,,,,,1.0,1.0,,,,,,,
USC00274399,1968,3,WT04,,,,,,,,,,,,,1.0,,,,,,,,,,,,,,,,,,
USC00274399,1968,12,WT04,,,,,,,,,,,,,,,,,,,,,,,,,,,,,1.0,,
USC00274399,1969,3,WT04,,,,,,,,,,,,,,1.0,,,,,,1.0,,,,,,,,,,,
USC00274399,1969,12,WT04,,,,,,,,1.0,1.0,,,,,,,,,,,,,,,,,,1.0,1.0,,,
USC00274399,1970,2,WT04,,,,1.0,,,,,,,,,,,,,,,,,,,,,,,,,,,
USC00274399,1970,3,WT04,,,,,1.0,,,,,,,,,,,,,,,,,,,,,,,,,,1.0
USC00274399,1971,1,WT04,,,,1.0,1.0,,,,,,,,,,,,,,,,,,,,,,,,,,
USC00274399,1971,2,WT04,,,,,1.0,,,,1.0,,,,,,,,,,,,1.0,,1.0,1.0,,,,,,,
USC00274399,1971,3,WT04,,,,1.0,1.0,,1.0,1.0,,,,,,,,,,,,,,,,,,,,,,,
USC00274399,1972,2,WT04,,,,1.0,,,,,,,,,,,,,,,,,,,,,,,,,,,
USC00274399,1972,3,WT04,,,,1.0,1.0,,,,,,,,,,,,,,,,,,,,,,,,,,
USC00274399,1972,4,WT04,,,,,,,,,,1.0,1.0,,,,,,,,,,,,,,,,,,,,
USC00274399,1972,11,WT04,,,,,,,,,,,,,,,1.0,,,,,,,,,,,,,,,,
USC00274399,1972,12,WT04,,,,,,1.0,,,,,,,,,,,,,,,,1.0,,,,,,,,1.0,1.0
USC00274399,1973,1,WT04,1.0,,,,,,,,,,,,,,,,,,,,,,,,,,,,,,
USC00274399,1973,2,WT04,,1.0,,,,,,,,,,,,,,,,,,,,,,,,,,,,,
USC00274399,1973,12,WT04,,,,,,,,,,,,,,,,,,1.0,,1.0,,,,,,,,,,,
USC00274399,1974,1,WT04,,,,,,,,,1.0,1.0,1.0,,,,,,,,,,,,,,,,,,,,
USC00274399,1974,3,WT04,,,,1.0,,,,,,,,,,,,,,,,,1.0,,,,,,,,,,
USC00274399,1975,12,WT04,,,,,,,,,,,,,,,,,,,,,,,,,,1.0,,,,,
USC00274399,1976,3,WT04,,,,1.0,,,,,,,,,1.0,,,,,,,,,,,,,,,,,,
USC00274399,1977,1,WT04,,,,,,,,,,,1.0,,,,,,,,,,,,,,,,,,,,
USC00274399,1978,12,WT04,,,,,,,,,1.0,,,,,,,,,,,,,,,,,,,,,,
USC00274399,1982,2,WT04,1.0,,,,,,,,,,,,,,,,,,,,,,,,,,,,,,
USC00274399,1983,3,WT04,,,,,,,,,,,,1.0,,,,,,,,,,,,,,,,,,,
USC00274399,1984,1,WT04,,,,,,,,,,,,,,,,,,,,,,,,1.0,,,,,,,
USC00274399,1984,2,WT04,,,,,,,,,,,,,,,,,,,,,,,,,,,,1.0,,,
USC00274399,1984,12,WT04,,,,,,,,,,,,,,1.0,1.0,,,,,,,,,,,,,,,,
USC00274399,1986,12,WT04,,,,,,,,,1.0,,,,,,,,,,,,,,,,,,,,,,
USC00274399,1987,3,WT04,1.0,,,,,,,,,,,,,,,,,,,,,,,,,,,,,,
USC00274399,1989,2,WT04,,,,,,,,,,,,,,1.0,1.0,,,,,,,,,,,,,,,,
USC00274399,1989,3,WT04,,,,,1.0,1.0,,,,,,,,,,,,,,,,,,,,,,,,,
USC00274399,1989,12,WT04,,,,,,,1.0,,,,,,,,,,,,,,,,,,,,,,,,
USC00274399,1990,12,WT04,,,,,,,,,,,,,,,,,,,,,,,,,,,,,1.0,1.0,
USC00274399,1991,3,WT04,,,,,,,,,,,,,,,,,,,,,,1.0,1.0,,,,,,,,
USC00274399,1991,11,WT04,,,,,,,,,,,1.0,,,,,,,,,,,,,,,,,,,,
USC00274399,1991,12,WT04,,,1.0,,,,,,,,,,,,,,,,,,,,,,,,,,,,
USC00274399,1994,1,WT04,,,,,,,,,,,,,,,,,,,,,,,,,,,,1.0,,,
USC00274399,1998,12,WT04,,,,,,,,,,,,,,,,,,,,,,1.0,,,,,,,,,
USC00274399,2000,3,WT04,,,,,,,,,,,1.0,,,,,,,,,,,,,,,,,,,,
USC00274399,2001,2,WT04,,,,,,,,,,,,,,,,,,,,,,,,,1.0,,,,,,
USC00274399,2001,10,WT04,,,,,,,1.0,,,,,,,,,,,,,,,,,,,,,,,,
USC00274399,2001,12,WT04,,,,,,,,,,,,,,,,,1.0,,,,,,,,,,,,,,
USC00274399,2002,1,WT04,,,,,,,,,,,,,,,,,,,,,,,,,,,,,,,1.0
USC00274399,2002,3,WT04,,,,,,,,,,,,,,,,,,,,,,,,,,1.0,,,,,
USC00274399,2002,4,WT04,,,,,,,,,,,,,,,,,,,,,,1.0,,,,,,1.0,,,
USC00274399,2002,11,WT04,,,,,,,,,,,,,,,,,1.0,1.0,,,,,,,,,,,,,
USC00274399,2003,2,WT04,,,,,,,,,,,,,,,,,,,,,,1.0,,,,,,,,,
USC00274399,2003,4,WT04,,,1.0,1.0,1.0,,,,,,,,,,,,,,,,,,,,,,,,,,
USC00274399,2003,12,WT04,,,,,,,,,,,,,,1.0,1.0,,1.0,,,,,,,,,,,,,,
USC00274399,2004,1,WT04,,,,1.0,1.0,,,,,,,,,,,,,,,,,,,,,,,,,,
USC00274399,2004,3,WT04,,,,1.0,,,,,,,,,,,,,,,,1.0,,,,,,,,,,,
USC00274399,2004,4,WT04,,1.0,,,,,,,,,,,,,,,,,,,,,,,,,,,,,
USC00274399,2004,12,WT04,,,,,,,1.0,,,,,,,,,,,,,,,,,,,,,,,,
USC00274399,2005,1,WT04,,1.0,,,,1.0,,,,,,1.0,,,,,,,,,,,,,,,,,,,
USC00274399,2005,2,WT04,,,,,,,,,,,,,,,,,,,,,1.0,,,,,,,,,,
USC00274399,2005,10,WT04,,,,,,,,,,,,,,,,,,,,,,,,,1.0,,,,,,
USC00274399,2005,11,WT04,,,,,,,,,,,,,,,1.0,,,,,,,,,,,,,,,,
USC00274399,2005,12,WT04,,,,,,,,,,,,,,,,1.0,,,,,,,,,,,,,,,
USC00274399,2006,1,WT04,,,,,,,,,,,,,,,1.0,,,,,,,,,,,,,,,,
USC00274399,2006,3,WT04,,,,,,,,,1.0,,,,,,,,,,,,,,,,,,,,,,
USC00274399,2006,12,WT04,,,,,,,,,,,,,,,,,,,,,,1.0,,1.0,1.0,,,,,,
USC00274399,2007,1,WT04,,,,,,,,,,,,,,1.0,1.0,,,,,,,,,,,,,,,,
USC00274399,2007,2,WT04,,,,,,,,,,,,,,1.0,,,,,,,,,,,,,,,,,
USC00274399,2007,3,WT04,,1.0,,,,,,,,,,,,,,,1.0,,,,,,,,,,,,,,
USC00274399,2007,4,WT04,,,,1.0,,,,,,,,1.0,,,1.0,,,,,,,,,,,,,,,,
USC00274399,2007,11,WT04,,,,,,,,,,,,,,,,1.0,,,,,,,,,,,,,,,
USC00274399,2007,12,WT04,,,,,,,,,,1.0,,,,,,1.0,,,,,,,,,,,1.0,,,,
USC00274399,2008,1,WT04,,,,,,,,,,,,,,,,,,1.0,,,,,,,,,,,,,
USC00274399,2008,2,WT04,1.0,,,,1.0,,,,,,,,1.0,,,,1.0,,,,,,,,,,,,,,
USC00274399,2008,3,WT04,,,,,,,,,,,,,,,,,,,1.0,,,,,,,,,,,,
USC00274399,2008,4,WT04,,,,1.0,,,,,,,,,,,,,,,,,,,,,,,,,,,
USC00274399,2008,12,WT04,,,,,,,,,,,1.0,,,,,,1.0,,,,,,,,,,1.0,,,,
USC00274399,2009,1,WT04,,,,,,,1.0,,,,,,,,,,,,,,,,,,,,,1.0,,,
USC00274399,2009,2,WT04,,,,,,,,,,,,,,,,,,,,,,,,,,1.0,,,,,
USC00274399,2009,3,WT04,,,,,,,,,,,1.0,,,,,,,,,,,,,,,,,,,,
USC00274399,2009,4,WT04,,,,1.0,,,,,,,,,,,,,,,,,,,,,,,,,,,
USC00274399,2009,12,WT04,,,,,,,,,,,,,1.0,,,,,,,,,,,,,,,,,,
USC00274399,2010,3,WT04,,,,,,,,,,,1.0,,,,,,,,,,,,,,,,,,,,
USC00274399,2010,4,WT04,,,,,,,,,,,,,,,,1.0,,,,,,,,,,,,,,,
USC00274399,2010,11,WT04,,,,,,,,1.0,,,,,,,,,,,,,,,,,,,,,,,
USC00274399,2010,12,WT04,,,,,,,,,,,,1.0,,,,,,,,,,,,,,,,,,,
USC00274399,2011,1,WT04,,,,,,,,,,,,,,,,,,1.0,,,,,,,,,,,,,
USC00274399,2011,2,WT04,,1.0,,,1.0,,,,,,,,,,,,,,,,,,,,,,,1.0,,,
USC00274399,2011,3,WT04,,,,,1.0,,1.0,,,1.0,,,,,,1.0,,,,,,,,,,,,,,,
USC00274399,2011,12,WT04,,,,,,,,,,,,,,,,,,,,,,,1.0,,,,,,,,
USC00274399,2012,2,WT04,,,,,,,,,,,,,,,,,,,,,,,,1.0,,,,,,,
USC00274399,2012,3,WT04,,,1.0,,,,,,,,,,,,,,,,,,,,,,,,,1.0,,,
USC00274399,2012,11,WT04,,,,,,,,,1.0,,,,,,,,,,,,,,,,,,,,,,
USC00274399,2012,12,WT04,,,,,,,,,,,,,,,,,1.0,,,,,,,,,,,1.0,,,
USC00274399,2013,1,WT04,,,,,,,,,,,,,,,,,,,,,,,,,,,,,1.0,,
USC00274399,2013,2,WT04,,,,,,,,,,,,1.0,,,,,,,,,,,,1.0,,,,,,,
USC00274399,2013,3,WT04,,,,,,,1.0,,,,,,,,,,,,,1.0,,,,,,,,,,,
USC00274399,2013,4,WT04,,,,,,,,,,,,,1.0,,,,,,,,,,,,,,,,,,
USC00274399,2013,12,WT04,,,,,,,,,,1.0,,,,,,,,,,,,,,,,,,,,,
USC00274399,2014,3,WT04,,,,,,,,,,,,,,,,,,,,,,,,,,,,1.0,1.0,,
USC00274399,2014,12,WT04,,,1.0,,,1.0,,,,1.0,,,,,,,,,,,,1.0,,,,,,,,,
USC00274399,2015,1,WT04,,,,1.0,,,,,,,,,,,,,,,,,,,,,,,,,,,1.0
USC00274399,2015,3,WT04,,,,,,,,,,,,,,,,,,,,,,,,,,1.0,,,,,1.0
USC00274399,2015,4,WT04,,,,,,,,,1.0,,,,,,,,,,,,1.0,,,,,,,,,,
USC00274399,2015,12,WT04,,,,,,,,,,,,,,,,,,,,,,,,,,,,,1.0,1.0,1.0
USC00274399,2016,2,WT04,,,,,,,,,,,,,,,,1.0,,,,,,,,,,,,,,,
USC00274399,2016,3,WT04,,,,,,,,,,,,,,,1.0,,,,,,,,,,,,,,,,
USC00274399,2016,4,WT04,,,,,,,,,,,,,,,,,,,,,,,,,,,1.0,,,,
USC00274399,2016,12,WT04,,,,,,,,,,,,,,,,,,,,,,,,,1.0,,,,,,
USC00274399,2017,1,WT04,,,,,,,,,,,,,,,,,,1.0,,,,,,1.0,1.0,,,,,,
USC00274399,2017,2,WT04,,,,,,,,1.0,,,,,,,,,,,,,,,,,,,,,,,
USC00274399,2017,3,WT04,,,,,,,,,,,,,,,,,,,,,,,,,,1.0,,,,,
USC00274399,2017,4,WT04,1.0,1.0,,,,,,,,,,,,,,,,,,,,,,,,,,,,,
USC00274399,2017,12,WT04,,,,,,,,,,,,,,,,,,,,,,,1.0,,,,,,,,
USC00274399,2018,2,WT04,,,,,,,,,,,,,,,,,,,,,,,,,,1.0,,,,,
USC00274399,2018,3,WT04,,1.0,1.0,,,,,,,,,,,,,,,,,,,,,,,,,,,,
USC00274399,2018,4,WT04,,,,,,,,,,,,,,,1.0,1.0,,,,,,,,,,,,,,,
USC00274399,2018,11,WT04,,,,,,,,,,,,,,,,1.0,,,,,,,,,,,,,,,
USC00274399,2018,12,WT04,,1.0,,,,,,,,,,,,,,,1.0,,,,,,,,,,,1.0,,,
USC00274399,2019,1,WT04,1.0,,,,,,,,,,,,,,,,,,,1.0,1.0,,,,,,,,,,
USC00274399,2019,2,WT04,,,,,,,,,,,,,1.0,,,,,,,,1.0,,,1.0,1.0,,,,,,
USC00274399,2019,4,WT04,,,,,,,,,,1.0,,,,,,,,,,,,,,,,,,,,,
USC00274399,2019,12,WT04,,,,,,,,,,,,,,,,,,,,,,,,,,,,,,,1.0
USC00274399,2020,2,WT04,,,,,,1.0,1.0,,,,,,,,,,,,1.0,,,,,,,,,,,,
USC00274399,2021,1,WT04,,,1.0,,,,,,,,,,,,,,,,,,,,,,,,,,,,
USC00274399,2021,2,WT04,,,,,,,,,,,,,,,,1.0,,,,,,,,,,,,,,,
USC00274399,2021,12,WT04,,,,,,,,,,,,,,,,,,,1.0,,,,,,,,,,,,
USC00274399,2022,1,WT04,,,,,,,,,,1.0,,,,,,,,,,,,,,,,,,,,,
USC00274399,2022,2,WT04,,,,,1.0,,,,,,,,,,,,,,,,,,,,,,,,,,
USC00274399,2022,3,WT04,,,,,,,,,,,,,,,,,,,,,,,,1.0,,,,,,,
USC00274399,2023,1,WT04,,,,,,,,,,,,,,,,,,,,1.0,,,1.0,1.0,,,,,,,
USC00274399,2023,2,WT04,,,,,,,,1.0,,,,,,,,,,,,,,,1.0,1.0,,,,,,,
USC00274399,2023,5,WT04,,1.0,,,,,,,,,,,,,,,,,,,,,,,,,,,,,
USC00274399,2023,11,WT04,,,,,,,,,1.0,,,,,,,,,,,,,,,,,,,,,,
USC00274399,2023,12,WT04,,,,,,,,,,,,,,,,,,,,,,,,1.0,,,,,,,
USC00274399,2024,1,WT04,,,,,,,,,,1.0,,,,,,,,,,,,,,,,,1.0,,,,
USC00274399,2024,3,WT04,,,,,,,,,,,,,,,,,,,,,,,1.0,,,,,,,,
USC00274399,2024,4,WT04,,,,1.0,1.0,,,,,,,,,,,,,,,,,,,,,,,,,,
USC00275211,1943,12,WT04,,,,,,1.0,,,,,,,,,,,,,,,,,,,,,,,,,
USC00275211,1946,12,WT04,,,,,,,,,,,,,,,,,,,,,,,,,,,,,1.0,,
USC00275211,1950,1,WT04,,,,,,,,,,,1.0,,,,,,,1.0,,,,,,1.0,,,,,,,
USC00275211,1950,2,WT04,,1.0,,,,,,,,,,,,,,,,,,,,,,,,,,,,,
USC00275211,1951,1,WT04,,,,,,,,,,,,,,,,,,,,,,,,,,,,,1.0,,
USC00275211,1951,2,WT04,,,,,,,,,,,,,,,,,,,,,,,,,,,1.0,,,,
USC00275211,2019,1,WT04,,,,,,,,,,,,,,,,,,,,1.0,,,,,,,,,,,
USC00275211,2019,12,WT04,,,,,,,,,,,,,,,,,,,,,,,,,,,,,,1.0,
USC00275211,2024,3,WT04,,,,,,,,,,,,,,,,,,,,,,,1.0,1.0,,,,,,,
USC00275868,1942,12,WT04,,,,,,,,,,,,,,,,,,,,,,,,,,,,,,1.0,
USC00275868,1943,1,WT04,,,,,,,,,,,,,,,,,,,1.0,,,,,,,,,,,,
USC00275868,1943,3,WT04,,,,,,,,,,,,,,,,1.0,,,,,,,,,,,,,,,
USC00275868,1947,1,WT04,,,,,,,,,,,,,,,,,,,,1.0,,,,,,,,,,,
USC00275868,1965,2,WT04,,,,,,,,,,,1.0,1.0,1.0,,,,,,,,,,,,,,,,,,
USC00275868,1969,12,WT04,,,,,,,,,,,,,,,,,,,,,,,,,,,1.0,,,,
USC00275868,1970,2,WT04,,,,1.0,,,,,,,,,,,,,,,,,,,,,,,,,,,
USC00275868,1970,3,WT04,,,,,1.0,,,,,,,,,,,,,,,,,,1.0,,,,,,,,
USC00275868,1970,4,WT04,,1.0,,,,,,,,,,,,,,,,,,,,,,,,,,,,,
USC00275868,1971,1,WT04,,,,,,,,,,,,,,1.0,,,,,,,,,,,,,1.0,,,,
USC00275868,1971,2,WT04,,,,,,1.0,,,1.0,,,,,,,,,,,1.0,1.0,,1.0,,,,,,,,
USC00275868,1971,3,WT04,,,,,,,,1.0,,,,,,,,,,,,,,,,,,,,,,,
USC00275868,1971,4,WT04,,,,,,,1.0,,,,,,,,,,1.0,,,,,,,,,,,,,,
USC00275868,1971,12,WT04,,,,,,1.0,,,,,,,,,1.0,,,,,,,,,,,,,1.0,,,
USC00275868,1972,1,WT04,,,1.0,,,,,,,,,,,,,,,,,,,,,,,,,,,,
USC00275868,1972,2,WT04,,,,,,,,,,,,,1.0,,,,,,,,,,,,,,,,,,
USC00275868,1972,3,WT04,,,,1.0,,,,,,,,,,,,,,,,,,,,,,,,,,,
USC00275868,1972,12,WT04,,,,1.0,1.0,,,,,,,,,,,,,,,,,,,,,,,,,,1.0
USC00275868,1973,1,WT04,,,,1.0,,,,,,,,,,,,,,,,,,,,,,,,,,,
USC00275868,1973,2,WT04,,1.0,1.0,,,,,,,,,,,,,,,,,,,,,,,,,,,,
USC00275868,1973,4,WT04,,1.0,,,,,,,,,,,,,,,,,,,,,,,,,,,,,
USC00275868,1973,12,WT04,,,,,,,,,,,,,,,,,1.0,1.0,,,,,,,,,,,,,
USC00275868,1974,2,WT04,,,,,,,,,,,,,,,,,,,1.0,,,1.0,,,,,,,,,
USC00275868,1974,3,WT04,,,1.0,,,,,,,1.0,,,,,,,,,,,1.0,,,,,,,,,,
USC00275868,1974,11,WT04,,,,,,,,,,,,,1.0,,,,,,,,,,,,,,,,,,
USC00275868,1975,1,WT04,,,,,,,,,,,,,,,,,,,,,,,,,,1.0,,,,,
USC00275868,1975,4,WT04,,,1.0,,,,,,,,,,,,,,,,,,,,,,,,,,,,
USC00275868,1975,12,WT04,,,,,,,,,,,,,,1.0,1.0,,,,,,,,,,,,,,,,
USC00275868,1976,2,WT04,,,,,,,,,,,,,,,1.0,,,,,,,,,,,,,,,,
USC00275868,1976,3,WT04,,,,,,,,,,,,,1.0,,,,,,,,,,,,,,,,,,
USC00275868,1976,6,WT04,,,,,,,,,,,,,,,,,,,,,,,,,,,,,,1.0,
USC00275868,1976,7,WT04,1.0,,,,,,,,,,,,,,,,,,,,,,,,,,,,,,
USC00275868,1977,1,WT04,,,,,,,,,,,,,,,,,,,,,,,,,1.0,1.0,,,,,
USC00275868,1977,2,WT04,,,,1.0,,,,,,,,,1.0,,,,,,,,,,,1.0,1.0,,,,,,
USC00275868,1977,12,WT04,,,,,,1.0,,,,,,,,,1.0,,,,,,,,,,,,,,,,
USC00275868,1978,1,WT04,,,,,,,,,,1.0,,,,1.0,,,,,,,,,,,,,,,,,
USC00275868,1978,11,WT04,,,,,,,,,,,,,,,,,,,,,1.0,,,,,,,,,1.0,
USC00275868,1979,2,WT04,,,,,,,,,,,,,,,,,,,,,,,,,1.0,1.0,,,,,
USC00275868,1979,4,WT04,,1.0,,,,,,,,,,,,,,,,,,,,,,,,,,,,,
USC00275868,1980,3,WT04,,,,,,,,1.0,,,,,,1.0,,,,,,,1.0,,,,,,,,,,
USC00275868,1980,4,WT04,,,,1.0,,,,,,,,,,,,,,,,,,1.0,,,,,,,,,
USC00275868,1980,11,WT04,,,,,,,,,,1.0,,,,,,,,,,,,,,,,,,,1.0,,
USC00275868,1981,11,WT04,,,,,,,,,,,,,,,,,,,,,,,,,,1.0,1.0,,1.0,,
USC00275868,1981,12,WT04,,1.0,,,,1.0,,,,,,,,,,,,,,,,,1.0,,,,,,,,
USC00275868,1982,1,WT04,,,,1.0,,,,,,,,,,,,,,,,,,,,,,,,,,,
USC00275868,1982,2,WT04,1.0,,1.0,,,,,,,,,,,,,,,,,,,,,,,,,,,,
USC00275868,1982,3,WT04,,,,,,,1.0,,,,,,,,,,,,,,,1.0,,,,,,,,,
USC00275868,1982,11,WT04,,,,,,,,,,,,,,,,,,,,,,,,,,,,,1.0,,
USC00275868,1982,12,WT04,,,,,,,,,,,,,,,,,,,,,,,,1.0,,,,,,,
USC00275868,1983,1,WT04,,,,,,,,,,,,,,,,,,,,,,,1.0,,,,,,,,
USC00275868,1983,3,WT04,,,,,,,1.0,1.0,1.0,,,,,,,,,,,,,1.0,,,,,,1.0,,,
USC00275868,1983,4,WT04,,,1.0,,,,,,,,,,,,,,1.0,,1.0,,,,,,,,,,,,
USC00275868,1983,11,WT04,,,,,,,,,,,,1.0,,,,,,,,,,,,,1.0,,,,,,
USC00275868,1983,12,WT04,,,,,,1.0,,,,,,,,,,,,,,,,,,,,,,,,,
USC00275868,1984,12,WT04,,,1.0,,,,,,,,,,,,1.0,,,,,,,,,,,,,1.0,,,
USC00275868,1985,1,WT04,1.0,,,,,,,,,,,,,,,,,,,,,,,,,,,,,,
USC00275868,1985,2,WT04,,,,,,,,,,,,1.0,,,,,,,,,,,,,,,,,,,
USC00275868,1985,3,WT04,,,,1.0,,,,,,,,,,,,,,,,,,,,,,,,,,,
USC00275868,1985,11,WT04,,,,,,,,,,,,,,,,,,,,,,1.0,,,,1.0,1.0,,,,
USC00275868,1986,2,WT04,,1.0,,,,,,,,,,,,,,,,1.0,,,,,,,,,,,,,
USC00275868,1986,3,WT04,,,,,,1.0,,,,,,,1.0,,1.0,,,,,,,,,,,,,,,,
USC00275868,1986,12,WT04,,,,,,,,,1.0,,,,,,,,,,,,,,,,,,,,,,
USC00275868,1987,10,WT04,,,,,,,,,,,1.0,,,,,,,,,,,,,,,,,,,,
USC00275868,1988,2,WT04,,,,,,,,,,,,,,,,,,,1.0,,,,,,,,,,,,
USC00275868,1988,4,WT04,,,,,,,,,,,,,,,,1.0,,,,,,,,,,,,,,,
USC00275868,1988,12,WT04,,,,,,,,,,,,,,,,,,,,,,,,1.0,,,,,,,
USC00275868,1989,1,WT04,,,,,,,1.0,,,,,1.0,,,,,,,,1.0,,,,,,1.0,,,,,
USC00275868,1989,2,WT04,,1.0,,,,,,,,,,,,1.0,1.0,,,,,,,,,,,,,,,,
USC00275868,1989,3,WT04,,,,1.0,,,,,,,,,,,,,,,,,,,,1.0,,,,,,1.0,1.0
USC00275868,1989,11,WT04,,,,,,,,,,,,,,,,,,,,,1.0,,,,,,,,,,
USC00275868,1989,12,WT04,,,,,,,,,,,,,,,,,,,,,,,,,,,,,,,1.0
USC00275868,1990,1,WT04,,,,,,,,,,,,,,,,,,,,,,,,,,,,,1.0,,
USC00275868,1990,2,WT04,,1.0,,,,,,,,,,,,,,,,,,,,,,,,,,,,,
USC00275868,1990,3,WT04,,,,,,,,,,,,,,,,,,,,1.0,,,,,,,,,,,
USC00275868,1990,11,WT04,,,,,,,,,,,,,,,,,,,,,,,1.0,,,,,,,,
USC00275868,1990,12,WT04,,,,,,,,,,,,,,,1.0,1.0,,,,,,,,,,,,,,,1.0
USC00275868,1991,1,WT04,,,,,,,,,,,,1.0,,,,,1.0,,,,,,,,,,,,,,1.0
USC00275868,1991,2,WT04,,,,,,,,,,,,,,1.0,,,,,,,,,,,,,,,,,
USC00275868,1991,3,WT04,,,,1.0,,,,,,,,,,,,,,,,,,,,1.0,,,,,,,
USC00275868,1991,11,WT04,,,,,,,,,,,,1.0,,,,,,,,,,,,,,,,,,,
USC00275868,1991,12,WT04,,,1.0,,,,,,,,,,,,,,,,,,,,1.0,,,,,,,,
USC00275868,1992,1,WT04,,,,,,,,,,,,,,,,,,,,,,,1.0,,,,,,,,
USC00275868,1992,2,WT04,,,,,,,,,,,,,,,1.0,,,,,,,,,,1.0,,,1.0,,,
USC00275868,1992,4,WT04,,,,,,,,,,,1.0,1.0,,,,,1.0,,,,,,,,,,,,,,
USC00275868,1992,11,WT04,,,1.0,,1.0,,,,,,,,,,,,,,,,,,,,1.0,,,,,,
USC00275868,1993,1,WT04,,,,,,,,,,,,,,,,,,,,,,1.0,,,,,,,,,
USC00275868,1993,2,WT04,,,,,,,,,,,,,1.0,,,,,,,,,,,,,,,,,,
USC00275868,1993,3,WT04,,,,,,,,,1.0,,,,,,,,,,,,,,,,,,,,,,
USC00275868,1993,12,WT04,,,,1.0,,,,,,,,,,,,,,,,,1.0,,,,,,,,,,
USC00275868,1994,2,WT04,,,,,,,,,,,,,,,,,,,,,,,,1.0,,,,,,,
USC00275868,1994,3,WT04,,,,,,,,1.0,,,,,,,,,,,,,,1.0,,,,,,,,,
USC00275868,1994,4,WT04,,,,,,,1.0,,,,,,,,,,,,,,,,,,,,,,,,
USC00275868,1994,11,WT04,,,,,,,,,,,,,,,,,,,,,,,,,,,,1.0,,,
USC00275868,1995,2,WT04,,,,,,,,,,,,,,,,,,,,,,,,1.0,,,,1.0,,,
USC00275868,1995,3,WT04,,,,,,,,,,,,,,,,,,,,,,1.0,,,,,,,,,
USC00275868,1996,2,WT04,,,,,,,,1.0,,,1.0,,,,,,,,,,,,,,,,,,,,
USC00275868,1996,4,WT04,,,,,,,,,,,,,1.0,1.0,,,,,,,,,,,,,,,,,
USC00275868,1997,2,WT04,,,,,,,,,,,,,,1.0,,,,,,,,,,,,,,,,,
USC00275868,1997,3,WT04,,,,,,,,,,,,,,1.0,,,,,,,,,,,,,,,,,
USC00275868,1997,4,WT04,,,,,,,,,,,,1.0,,,,,,,,,,,,,,,,,,,
USC00275868,1998,3,WT04,,,,,,,,,,,,,,,,,,,1.0,,1.0,,,,,,,,,,
USC00275868,1998,12,WT04,,,,,,,,,,,,,,,,,,,,,1.0,,,,,,,,,,
USC00275868,1999,1,WT04,,,,,,,,,,,,,1.0,,,,,,,,,,,,,,,,,,
USC00275868,1999,2,WT04,,,,,,,,,,,,,,,,,,1.0,,,,,,,,,,,,,
USC00275868,2000,3,WT04,,,,,,,,,,,,,,,,,1.0,,,,,,,,,,,,,,
USC00275868,2000,11,WT04,,,,,,,,,,,,,,,,,,,,,,,,,,1.0,,,,,
USC00275868,2000,12,WT04,,,,,,,,,,,,,,1.0,,1.0,,,,,,,,,,,,,,1.0,
USC00275868,2001,1,WT04,,,,,,,,,,,,,,,,,,,,,,,,,,,,,,1.0,
USC00275868,2001,2,WT04,,,,,,,,,,,,,,,,,,,,,,,,,,1.0,,,,,
USC00275868,2001,3,WT04,,,,,,,,,1.0,,,,1.0,,,,,,,,,,,,,,,,,1.0,
USC00275868,2001,12,WT04,,,,,,,,,,,,,,,,,1.0,,,,,,,,,,,,,,
USC00275868,2002,1,WT04,,,,,,,,,1.0,,1.0,,,,,,,,,,,,,,,,,,,,1.0
USC00275868,2002,3,WT04,,,,,,,,,,,,,,,,,,,,,1.0,,,,,,,,,,
USC00275868,2002,4,WT04,,,,,,,,,,,,,,,,,,,,,,1.0,,,,,,,,,
USC00275868,2002,11,WT04,,,,,,1.0,,,,,,,,,,,1.0,,,,,,,,,,,,,,
USC00275868,2003,2,WT04,,,,,,,,,,,,,,,,,,,,,,,,1.0,,,,,,,
USC00275868,2003,11,WT04,,,,,1.0,1.0,,,,,,,,,,,,,,,,,,,,,,,,,
USC00275868,2004,7,WT04,,,,,,,1.0,,,,,,,,,,,,,,,,,,,,,,,,
USC00275868,2004,12,WT04,,,,,,,1.0,,,,,,,,,,,,,,,,,,,,,,,,
USC00275868,2005,1,WT04,,,,,,,,,,,,1.0,,,,,,,,,,,,,,,,,,,
USC00275868,2005,3,WT04,,,,,,,,,,,,,,,,,,,,,,,,,,,,1.0,,,
USC00275868,2005,11,WT04,,,,,,,,,,,,,,,1.0,,,,,,,,,,,,,,,,
USC00275868,2005,12,WT04,,,,,,,,,,,,,,,,1.0,,,,,,,1.0,,,,,,,,
USC00275868,2006,1,WT04,,,,,,,,,,,,,,,,,,,,,1.0,,,,,,,,,,
USC00275868,2006,12,WT04,,,,,,,,,,,1.0,,,,,,,,,,,,,,,,,,,,
USC00275868,2007,1,WT04,1.0,,,,,,,,,,,,,,1.0,,,,,,,,,,,,,,,,
USC00275868,2007,3,WT04,,1.0,,,,,,,,,,,,,,,,,,,,,,,,,,,,,
USC00275868,2007,4,WT04,,,,1.0,,,,,,,,1.0,,,1.0,,,,,,,,,,,,,,,,
USC00275868,2007,12,WT04,,,,,,,,,,,1.0,,,,,1.0,,,,,,,,,,,,,,,
USC00275868,2008,1,WT04,,,,,,,,,,,,,,,,,,1.0,,,,,,,,,,,,,
USC00275868,2008,2,WT04,1.0,,,,1.0,,,,,,,,1.0,,,,,,,,,,,,,,,,,,
USC00275868,2008,3,WT04,,,,1.0,1.0,,,,,,,,,,,,,,,,,,,,,,,,,,
USC00275868,2009,1,WT04,,,,,1.0,,1.0,,,,,,,,,,,,,,,,,,,,,,,,
USC00275868,2009,12,WT04,,,,,,,,,,,,,1.0,,,,,,,,,,,,,,,,,,
USC00275868,2010,11,WT04,,,,,,,,,,,,,,,,,,,,,,,,,,1.0,,,,,
USC00275868,2011,1,WT04,,,,,,,,,,,,,,,,,,,1.0,,,,,,,,,,,,
USC00275868,2011,2,WT04,,,,,,,,,,,,,,,,,,,,,,,,,,,,1.0,,,
USC00275868,2011,3,WT04,,,,,,1.0,1.0,,,,,,,,,,,,,,,,,,,,,,,,
USC00275868,2011,4,WT04,,,,,,,,,,,,,,,,,,,,,,,1.0,,,,,,,,
USC00275868,2012,1,WT04,,,,,,,,,,,,,1.0,,,,,,,,,,,,,,,,,,
USC00275868,2012,2,WT04,,,,,,,,,,,,,,,,,,,,,,,,1.0,,,,,,,
USC00275868,2012,11,WT04,,,,,,,,,1.0,,,,,,,,,,,,,,,,,,,,,,
USC00275868,2012,12,WT04,,,,,,,,,,,,,,,,,1.0,,,,,,,,,,,,,,
USC00275868,2013,2,WT04,,,,,,,,,,,,,,,,,,,,,,,,1.0,,,1.0,,,,
USC00275868,2013,4,WT04,,,,,,,,,,,,1.0,,,,,,,,,,,,,,,,,,,
USC00275868,2013,6,WT04,,,,,,,,,,,,,,,,,,1.0,,,,,,,,,,,,,
USC00275868,2014,1,WT04,,,,,,,,,,,1.0,,,,,,,,,,,,,,,,,,,,
USC00275868,2014,3,WT04,,,,,,,,,,,,,1.0,,,,,,,,,,,,,,,,,,
USC00275868,2014,11,WT04,,,,,,,,,,,,,,,,,1.0,,,,,,,,,,,,,,
USC00275868,2015,1,WT04,,,,1.0,,,,,,,,,,,,,,,,,,,,,,,,,,,
USC00275868,2015,3,WT04,,,,,,,,,,,,,,,1.0,1.0,,,,,,,,,,,,,,,
USC00275868,2017,1,WT04,,,,,,,,,,,,,,,,,,,,,,,,1.0,,,,,,,
USC00275868,2017,2,WT04,,1.0,,,,,,,,,,,,,,,,,,,,,,,,,,,,,
USC00275868,2017,3,WT04,,,,,,,,,,,,,,,,,,,,,,,,,1.0,,,,,,
USC00275868,2018,2,WT04,,,,,,,,,,,,,,,,,,,,,,,,,,1.0,,,,,
USC00275868,2018,3,WT04,,,,,,,,1.0,,,,,,,,,,,,,,,,,,,,,,,
USC00275868,2018,4,WT04,,,,,,,,,,,,,,,,1.0,,,,,,,,,,,,,,,
USC00275868,2018,10,WT04,,,,,,,,,,,,,,,,,,,,,,,,,,,,1.0,,,
USC00275868,2018,12,WT04,,,,,,,,,,,,,,,,,,,,,,,,,,,,1.0,,,
USC00275868,2019,1,WT04,,,,,,,,,,,,,,,,,,,,1.0,,,,,,,,,,,
USC00275868,2019,2,WT04,,,,,,,,,,,,,1.0,,,,,,,,,,,,,,,,,,
USC00275868,2019,4,WT04,,,,,,1.0,,,,,,,,,,,,,,,,,,,,,,,,,
USC00275868,2019,12,WT04,,,,,,,,,,,,,,,,,,,,,,,,,,,,,,,1.0
USC00275868,2021,1,WT04,,1.0,,,,,,,,,,,,,,,,,,,,,,,,,,,,,
USC00275868,2021,2,WT04,,,,,,,,,,,,,,,,1.0,,,,,,,,,,,,,,,
USC00275868,2021,11,WT04,,,,,,,,,,,,,,,,,,,1.0,,,,,,,,,,,,
USC00275868,2022,12,WT04,,,,,,,,,,,,,,1.0,,,,,,,,,,,,,,,,,
USC00275868,2023,1,WT04,,,,,,,,,,,,,1.0,,,,,,,,,,,,,,,,,,
USC00275868,2023,2,WT04,,,,,,,,,,,,,,,,,,,,,,,,,,1.0,,,,,
USC00275868,2024,1,WT04,,,,,,,,,,1.0,,,,,,,,,,,,,,,,1.0,,,,,
USC00275868,2024,3,WT04,,,,,,,,,,,,,,,,,,,,,,,1.0,,,,,,,,
USC00275868,2024,4,WT04,,,,1.0,,,,,,,,,,,,,,,,,,,,,,,,,,,
USC00275868,2024,11,WT04,,,,,,,,,,,,,,,,,,,,,,,,,,,,1.0,,,
USC00275995,1978,3,WT04,,,,,,,,,,,,,,,,,,,,,,,,,,,1.0,,,,
USC00275995,1978,4,WT04,1.0,,,,,,,,,,,,,,,,,,,,,,,,,,,,,,
USC00275995,1979,2,WT04,,,,,,,,,,,,,,,,,,,,,,,,,,,1.0,,,,
USC00275995,1982,2,WT04,1.0,,,1.0,,,,,,,,,,,,,,,,,,,,,,,,,,,
USC00275995,1982,4,WT04,,,,1.0,,,,,,,,,,,,,,,,,,,,,,,,,,,
USC00275995,1990,1,WT04,,,,,,,,,,1.0,,,,,,,,,,,,,,,,,,,,,
USC00275995,1990,4,WT04,,,,,,1.0,,,,,,,,,,,,,,,,,,,,,,,,,
USC00275995,2003,12,WT04,,,,,,,,,,,,,1.0,1.0,,,,,1.0,1.0,1.0,1.0,1.0,1.0,,,,,,,
USC00275995,2007,11,WT04,,,,,,,,,,,,,,,,,,,,,,,,,,1.0,,,,,
USC00275995,2007,12,WT04,,,,,,,,,,,,,,,,,,,,,,,,,,,,,1.0,,
USC00275995,2008,1,WT04,,,,,,,,,,,1.0,,,,,,,,,,,,,,,,,,,,
USC00275995,2008,2,WT04,,1.0,,,,,,,,,,,1.0,,,,,1.0,,,,,,,,,,,,,
USC00275995,2008,3,WT04,,,,1.0,1.0,,,,,,,,,,,,,,,,,,,,,,,,,,
USC00275995,2009,3,WT04,,,,,,,1.0,,1.0,,1.0,,,,,,,,,,,,,,,,,,,,
USC00275995,2009,12,WT04,,,,,,,,,,1.0,,,,,,,,,,,,,,,,,,,,,
USC00275995,2012,1,WT04,,,,,,,,,,,,,,,,,,1.0,,,,,,1.0,,,,1.0,,,
USC00275995,2013,3,WT04,1.0,,,,,,1.0,,,,,,,,,,,,,,,,,,,,,,,,
USC00275995,2013,4,WT04,,,,,,,,,,,,1.0,,,,,,,,,,,,,,,,,,,
USC00275995,2015,12,WT04,,,,,,,,,,,,,,,,,,,,,,,,,,,,,1.0,,
USC00275995,2016,11,WT04,,,,,,,,,,,,,,,,,,,,,,,,,,,,,1.0,,
USC00275995,2017,5,WT04,,,,,,,,,,,,,,,,,,,,,,,1.0,,,,,,,,
USC00275995,2017,11,WT04,,,,,,,,,,,,,,,,1.0,,,,,,,,,,,,,,,
USC00275995,2018,11,WT04,,,,,,,,,,,,,,,,,,,,,,,,,1.0,,,,,,
USC00275995,2020,3,WT04,,,,,,,,,,,,,,,,,,,,,,,,,,,,,,1.0,
USC00275995,2020,10,WT04,,,,,,,,,,,,,,,,,,,,,,,,,,1.0,,,,,
USC00275995,2020,12,WT04,,,,,,,,,,,,,,,,,,,,,,,,,,,,,,,1.0
USC00275995,2021,2,WT04,,,,,,,,,,,,,,,,1.0,1.0,,,,,,,,,,,,,,
USC00275995,2021,12,WT04,,,1.0,,,,,,,,,,,,,1.0,,,,,,1.0,1.0,,,,,,,,
USC00275995,2022,1,WT04,,,,,,,,,,1.0,,,,,,,,1.0,,,,,,,,,,,,,
USC00275995,2022,2,WT04,,,,,,,,1.0,,,,,,,,,,,,,,,,,,,,,,,
USC00275995,2022,3,WT04,,,,,,,,,,,,,,,,,,,,,,,,1.0,1.0,,,,,,
USC00275995,2022,11,WT04,,,,,,,,,,,,,,,,,1.0,,,,,,,,,,,,,,
USC00275995,2023,1,WT04,,,,,1.0,,,,,,,,,,,,1.0,,,,,,,,,1.0,,,,,
USC00275995,2023,2,WT04,,,,,,,,,,1.0,,,,,,,,1.0,,,,,,,,,,,,,
USC00275995,2023,3,WT04,,,,,,,,,,,,,,,,,,1.0,,,,,,,,,,,,,
USC00275995,2023,4,WT04,,,,,,1.0,,,,,,,,,,,,,,,,,,,,,,,,,
USC00275995,2023,11,WT04,,,,,,,,,,1.0,,,,,,,,,,,,,,,,,,,,,
USC00275995,2024,1,WT04,,,,,,,,,,,,,1.0,1.0,,,,,,,,,,,1.0,1.0,1.0,,,,
USC00275995,2024,2,WT04,,,,,,,,,,,,,,,,,,1.0,,,,,,,,,,,,,
USC00275995,2024,3,WT04,,,,,,,,,,1.0,1.0,,,,,,,,,,,,,,,,,,,,
USC00275995,2024,11,WT04,,,,,,,,,,,,,,,,,,,,,,,,,,,1.0,,,,
USC00276818,1949,11,WT04,,,,,,,,,,,,,,,,1.0,,,,,,,,,1.0,,,,,,
USC00276818,1950,1,WT04,,,1.0,,,1.0,,,,,1.0,,1.0,,,,,,,,,,,,1.0,,,,1.0,,
USC00276818,1950,9,WT04,,,,,,,,,,,,,,,,,,,,,,,,1.0,,,,,,,
USC00276818,1950,10,WT04,,,,,,,,,,,,,,,,,,,,,,,1.0,,,,,,,,
USC00276818,1950,11,WT04,,,,,,,,,,,,,,,,,,,,,,,,,1.0,,,,,,
USC00276818,1950,12,WT04,,,,,,,,,,,,1.0,,,,,,,,,,,,,,,,,,,
USC00276818,1951,1,WT04,,,,,,,,,,,,,,,1.0,,,,,,,,,,,,,,,,
USC00276818,1951,2,WT04,,1.0,,,,,,,,,,,,,,,,,,,,,,,,,,,,,
USC00276818,1951,3,WT04,,,,,,,,,,,,,,,,,,,,,,,,,,,,,,1.0,1.0
USC00276818,1951,4,WT04,1.0,,,,,,,,,,,,,,,,,,,,,,,,,,,,,,
USC00276818,1951,5,WT04,,,,,,,,,,,1.0,,,,,,,,,,,,,,,,,,,,
USC00276818,1952,1,WT04,,,,,,,,,,,,,,,,,,1.0,,,,,,,,,,,,,
USC00276818,1952,2,WT04,,,,1.0,,,,,,,,,,,,,,,,,,,,,,,,,,,
USC00276818,1952,3,WT04,,,,,,,,,,,,,,,,,,,,,,,1.0,,1.0,,,,,,
USC00276818,1952,4,WT04,,,,,,,,,,,,,1.0,,,,,,,1.0,,,,,,,,,,,
USC00276818,1952,10,WT04,,,,,,,,,,,,,,,,,,,,,,,,,,,,1.0,,,
USC00276818,1952,12,WT04,,,,,,,,,,,,,,,,,,,,,,,1.0,,,,,,,,
USC00276818,1953,3,WT04,,,,1.0,,,,,,,,,,,,,,,,,,,,,,,,,,,
USC00276818,1953,12,WT04,,,,,,,1.0,,,,,,,,,,,,,,,,,,,,,,,,
USC00276818,1954,12,WT04,,,,,,,,,,,,,,1.0,,,,,,,,,,,,,,,,1.0,
USC00276818,1955,2,WT04,,,,,,,,,,1.0,,,,,,,,,,,,,,,,,,,,,
USC00276818,1955,3,WT04,,,,,,,,,,,,,,,,,,,,,,1.0,,,,,,,,,
USC00276818,1955,5,WT04,,,,,,,,,,,,,,,,1.0,,,,,,,,,,,,,,,
USC00276818,1955,11,WT04,,,,,,,,,,,,,,,,1.0,,,,,,,,,,,,,,,
USC00276818,1955,12,WT04,,,,1.0,,,,,,,,,,,,,,,,,,,,,,,,,,,
USC00276818,1956,1,WT04,,,,,,,,,,,,,,1.0,1.0,,,,,,,,,,,,,,,,
USC00276818,1956,3,WT04,,,,,,,1.0,1.0,1.0,,1.0,,,,,,,,,,,,,,,,,,,,
USC00276818,1956,5,WT04,,,,,,,,,,,,,,,,,1.0,,,,,,,,,,,,,,
USC00276818,1956,12,WT04,,,,,,,,,,,,,1.0,,,,,,,,,,,1.0,,,,,,,
USC00276818,1957,3,WT04,,,,,,,,,1.0,,,,,,,,,,,,,,,,,,,,,,
USC00276818,1957,4,WT04,,,,,1.0,,1.0,,,,,,,,,,,,,,,,,,,,,,,,
USC00276818,1957,10,WT04,,1.0,1.0,,,,,,,,,,,,,,,,,,,,,,,,,,,,
USC00276818,1957,12,WT04,,,,,,,,,,,,,,,,1.0,,,,,,,,,,1.0,,,,,
USC00276818,1958,5,WT04,,,1.0,,,,,,,,,,,,,,,,,,,,,,,,,,,,
USC00276818,1959,1,WT04,,,,,,,,,,,,,,,,1.0,,,,,1.0,,,,,,,,,,
USC00276818,1959,3,WT04,,,,,,,,,,,,,,,,1.0,,,,,,,,,,,,,,,
USC00276818,1959,5,WT04,,,,,,,,,,,,,,,,1.0,,,,,,,,,,,,,,,
USC00276818,1959,9,WT04,,,,,,,,,,,,,,,1.0,,,,,,,,,,,,,,,,
USC00276818,1959,11,WT04,,,,,,,1.0,,,,,,,,,1.0,,,,,,,,,,,,,,,
USC00276818,1959,12,WT04,,,,,,,,,,,,,1.0,,,,,,,,,,,,,,,,,,
USC00276818,1960,2,WT04,,,,,,,,,,1.0,1.0,,,1.0,,,,,,,,,,,,,,,,,
USC00276818,1960,4,WT04,,,,,1.0,,,,,,,,,,,,,,,,,,,,,,,,,,
USC00276818,1961,4,WT04,1.0,,,,,,,,,,,,,,,1.0,,,,,,,,,,,,,,,
USC00276818,1961,11,WT04,1.0,,,,,,,,,,,,,,,,,,,,,,,,,,,,,,
USC00276818,1961,12,WT04,,,,,,,,,,,,,1.0,,,,,,,,,,,,,,,,,,
USC00276818,1962,1,WT04,,,,,,,1.0,,,,,,,,,,,,,,,,,,,,,,,,
USC00276818,1962,11,WT04,,,1.0,1.0,,,,,,,,,,,,,,,,,,,,,,,,,,,
USC00276818,1962,12,WT04,,,,,,1.0,,,,,,,,,,,,,,,,,,,,,,,,,
USC00276818,1963,1,WT04,,,,,,,,,,,,,1.0,,,,,,,1.0,,,,,,,,,,,
USC00276818,1963,3,WT04,,,,,,,,,,,,,,,,,1.0,,,,,,,,,,,,,,
USC00276818,1963,11,WT04,,,,,,,,,,,,1.0,,,,,,,,,,,,,,,,1.0,,,
USC00276818,1964,3,WT04,,,,,,,,,,,,,,,,,,,,,,,,,,1.0,,,,,
USC00276818,1965,2,WT04,,,,,,,,,,,1.0,1.0,,,,,,,,,,,,,,1.0,,,,,
USC00276818,1965,3,WT04,,,,,,,,,,,,,,,,,,,,,,,,,,,1.0,,,,
USC00276818,1965,4,WT04,,,,,,,,,,,,,1.0,,,,,,,,,,,,,,,,,,
USC00276818,1965,10,WT04,,,,1.0,,,,,,,,,,,,,,,,,,,,,,,,,,,
USC00276818,1965,11,WT04,,,,,,,,,,,,,,,,1.0,1.0,1.0,,,,,,,,,,,,,
USC00276818,1965,12,WT04,,,,,,,,,,,,,,,1.0,,,,,,,,,,1.0,1.0,,,,,
USC00276818,1966,2,WT04,,,,,,,,,,,,,,1.0,,,,,,,,,,,,,,,,,
USC00276818,1966,3,WT04,1.0,,,,1.0,,,,,,,,,,,,,,,,,,,,,,,,,,
USC00276818,1966,4,WT04,,,,,,,,,,,,,,,,,,,,,,,,,,,,,1.0,,
USC00276818,1966,5,WT04,,,,,,,,1.0,,,,,,,,,,,,,,,,,,,,,,,
USC00276818,1966,9,WT04,,,,,,,,,,,,,,,,,,,,,,,,,1.0,,,,,,
USC00276818,1966,10,WT04,,,,,,,,,,,,,,,,,,,,,,,,,,,,,1.0,,
USC00276818,1967,1,WT04,,,,,,,1.0,,,,,,,,,,,,,,,,,,,,,1.0,,,
USC00276818,1967,4,WT04,,,,,,,,,,,,,,,1.0,1.0,1.0,1.0,1.0,,,,,,,,,,,,
USC00276818,1967,5,WT04,,,,,,,,,,,,,,,,,,,,,1.0,,,,,,,,,,
USC00276818,1967,10,WT04,,,,,,,,,,,,,,,,,,,,1.0,,,,,,,,,,,
USC00276818,1967,12,WT04,,,,1.0,,,,,,,,,,,,,,,,,,,,,,,,,,,
USC00276818,1968,1,WT04,,,,,,,,,,,,,,,1.0,,,,,,,,,,,,,,,,
USC00276818,1968,3,WT04,,,,,,,,,,,,,,,,,,,,,,1.0,1.0,,,,,,,,
USC00276818,1968,4,WT04,1.0,1.0,,,,1.0,,,,,,,,,,,,,,,,,,,,,,,,,
USC00276818,1968,11,WT04,,,,,,,,,,,,,,,,,,,,,,,,,,,,,1.0,1.0,
USC00276818,1968,12,WT04,,,,,1.0,,,,,,,,,,,,,,,,,,,,,,,,1.0,,
USC00276818,1969,1,WT04,,,,,,,,,,,,,,,,,,,1.0,,,,,,,,,,,,
USC00276818,1969,2,WT04,1.0,1.0,,,,,,,,,,,,,,,,,,1.0,,,,,,,,,,,
USC00276818,1969,11,WT04,,,,,,,,,,,,,,,,,,,,1.0,,,1.0,,,,,,,,
USC00276818,1970,2,WT04,,,,,,,,,,,1.0,,,,,,,,,,,,,,,,,,,,
USC00276818,1970,4,WT04,,,1.0,,,,,,,,,,,,,,,,,,1.0,,,,,,,,,,
USC00276818,1970,11,WT04,,,,,,1.0,,,,,,,,,,,,,,,,,,,,,,,,,
USC00276818,1971,10,WT04,,,,,,,,,,,,,1.0,,,,,,,,,,,,,,,,,,
USC00276818,1971,11,WT04,,,,,,,,,,,,,,,,,,,1.0,,,,,,,,,,,,
USC00276818,1972,3,WT04,,1.0,,,,,,,,,,,,,,,,,,,,,,,,,,,,,
USC00276818,1974,9,WT04,,,,,,,,,,,,,,,,,,,,,,,,,,,,,,1.0,
USC00276818,1974,10,WT04,1.0,,,,,,,,,,,,,,,,,,,,,,,,,,,,,,
USC00276818,1974,12,WT04,,,1.0,,,,,,,,,,,,,,,,,,,,,,,,,,,,
USC00276818,1975,1,WT04,,,,,,,,,,,,,,,,,,,,,,,,,,,,,1.0,,
USC00276818,1975,2,WT04,,,,,,,,,,,,,,,,,,1.0,,,,,,1.0,1.0,1.0,,,,,
USC00276818,1975,12,WT04,,,,,,,,,,,,,,,,,,,,,,,,,,,1.0,,,,
USC00276818,1976,1,WT04,,,,,,,,,,,,,,1.0,,,,,,,,,,,,,,1.0,1.0,,
USC00276818,1976,2,WT04,,1.0,,,,,,,,,,,,,,,,,,,,,,,,,,,,,
USC00276818,1977,12,WT04,1.0,,,,,,,,,,,,,,,,,,,,,,,,,,,,,,
USC00276818,1978,1,WT04,,,,,,,,,1.0,1.0,,,,,1.0,,,,,,,,,,,1.0,,,,,
USC00276818,1978,4,WT04,,,,,1.0,,,,,,,1.0,,,,,,,,,,,,,,,,,,,
USC00276818,1979,1,WT04,,,,,,,,,,,,,,,,,,,,,,1.0,,,,,,,,,
USC00276818,1979,2,WT04,,,,,,,,,,,,,,,,,,,,,,,,,,,1.0,,,,
USC00276818,1979,12,WT04,,,,,,,,,,,1.0,1.0,,,,,,,,,,,,,,,,,,,
USC00276818,1980,1,WT04,,,,,,,,,,,,1.0,,,,,,,,,,,,,,,,,,,
USC00276818,1980,3,WT04,,,,,,,,,1.0,,,,,,,,,1.0,1.0,,,1.0,,,,,,,,,
USC00276818,1980,4,WT04,,,,,,,,,,,,,,,1.0,,,,,,,,,,,,,,,,
USC00276818,1980,11,WT04,,,,,,,,,,,,,,,,,,,,,,,,,,,,,1.0,,
USC00276818,1981,12,WT04,,1.0,,,,,,,,,,,,,,,,,,,,,,,,,,,,,
USC00276818,1983,3,WT04,,,,,,,,1.0,,1.0,1.0,,,,,,,,,,,,,,,,,,,,
USC00276818,1983,4,WT04,,,1.0,,,,,,,,,,,,,,1.0,,,,,,,,,,,,,,
USC00276818,1983,5,WT04,,,,,,,,,,1.0,,1.0,,,,,,,,,,,,,,,,,,,
USC00276818,1984,4,WT04,,,,,1.0,1.0,,,,,,,,,,,,,,,,,,,,,,,,,
USC00276818,1996,1,WT04,,,,,,,,,,,,,,,,,,,,1.0,,,,,1.0,,1.0,1.0,,,
USC00276818,1996,3,WT04,,,,,,,,,,,,,,,,,,,,1.0,,,,,,,,,,,
USC00276818,1996,4,WT04,,,,,,,,,,,,,,,,1.0,,,,,,,,,,,,,,,
USC00276818,1997,1,WT04,,,,,1.0,,,,,,,,,,,,,,,,,,,,1.0,,,,,,
USC00276818,1997,2,WT04,,,,,,,,,,,,,,,,,,,,,1.0,,,,,,,,,,
USC00276818,1997,10,WT04,,,,,,,,,,,,,,,,,,,,,,,,,,,1.0,1.0,,,
USC00276818,1998,3,WT04,,,,,,,,,1.0,,,,,,,,,,,,,,,,,,,,,,
USC00276818,1998,9,WT04,,,,,,,,,,,,,,,,,,,,,,,,,,,,1.0,,,
USC00276818,2002,3,WT04,,,,,,,,,,,,,,,,,,,,,,,,,,,,,,1.0,
USC00276818,2004,12,WT04,,,,,,,,,,,1.0,,,,,,,,,,,,,,,,,,,,
USC00276818,2018,11,WT04,,,,,,,,,,1.0,,,,,,,,,,,,,,,,,,,,,
USC00276818,2019,2,WT04,,,,,,,,,,,,,1.0,,,,,,,,,,,,,,,,,,
USC00276818,2021,2,WT04,,,,,,,,,,,,,,,,1.0,,,,,,,,,,,,,,,
USC00276818,2021,3,WT04,1.0,,,,,,,,,,,,,,,,,,,,,,,,,,,,1.0,,
USC00276818,2022,3,WT04,,,,,,,,,,,,,,,,,,,,,,,,1.0,,,,,,,
USC00276818,2022,11,WT04,,,,,,,,,,,,,,,,,,,,,,,,,,1.0,,,,,
USC00276818,2023,1,WT04,,,,,1.0,,,,,,,,,,,,,,,,,,,,,,,,,,
USC00276818,2023,4,WT04,,,,,,1.0,,,,,,,,,,,,,,,,,,,,,,,,,
USW00014745,1948,1,WT04,,1.0,,,,,,,,,,,,,,,,,,,,,,,,,,,,,
USW00014745,1948,2,WT04,,,,,,,,,,,,,1.0,,,,,,,,,,,,,,,,,,
USW00014745,1948,3,WT04,,,,,,,1.0,,,,,,,,,,,,1.0,,,,,,,,,,,,
USW00014745,1948,4,WT04,,,,,,,,,,,1.0,,,1.0,,,,,,,,,,,,,,,,,
USW00014745,1948,12,WT04,,,,,,,,,,,,,,,,1.0,,,,,,,,,,,,,1.0,,
USW00014745,1949,1,WT04,,,,,,,,,,,,,,,,,,1.0,,,,1.0,,,,,,,,,1.0
USW00014745,1949,2,WT04,,,,,,,1.0,,,,,,,,,,,,,1.0,,1.0,1.0,,,,,,,,
USW00014745,1949,3,WT04,,,,,,,,,,1.0,1.0,,,,,,,,,,,,,,,,,,,,
USW00014745,1949,4,WT04,,,,,,1.0,,,,,,,,,,,,,1.0,,,,,,,,,,,,
USW00014745,1950,1,WT04,,,,,,,1.0,,,1.0,,,,,1.0,,,1.0,,,,,,1.0,1.0,,,,1.0,,
USW00014745,1950,2,WT04,1.0,,,,,,,,1.0,,,,,,1.0,,,,,,,,1.0,,,,,,,,
USW00014745,1950,3,WT04,,,,,,,,1.0,,,,,1.0,,,,,,,,,,1.0,1.0,,,1.0,,,,
USW00014745,1950,11,WT04,,,,,,,,,,,,,,,,,,,,,1.0,,,,,,,,,,
USW00014745,1950,12,WT04,,,,,,,,,,,,,,,,,,,,,,,,,,,,,1.0,,
USW00014745,1951,1,WT04,,,,,,,,,,,,,,,,,,,,,,,,,,,,,,,1.0
USW00014745,1951,2,WT04,1.0,,,,,,,,,,,,,1.0,,,1.0,1.0,,,,,,,,,,,,,
USW00014745,1951,3,WT04,,,,1.0,,,,,,,,,,,1.0,,,,,1.0,,,,,,,,,,,
USW00014745,1951,11,WT04,1.0,1.0,,,,,,,,,,,,,,,,,,,,,,,,1.0,,,,,
USW00014745,1951,12,WT04,,,,,,,,,,,,,,,,,,1.0,,,1.0,,,,,,,,,,
USW00014745,1952,1,WT04,,,,,,,,,,,,,,,,,1.0,,,1.0,,1.0,,,,1.0,,,,,
USW00014745,1952,2,WT04,,,,1.0,,,1.0,,,,1.0,,,,,,,,,,,,,,,,,,,,
USW00014745,1952,3,WT04,,,,,1.0,,,,,,1.0,,,,,,,,,,,,,,,,,,,,
USW00014745,1952,10,WT04,,,,,,,,,,,,,,,,,,,,,,,,,,,,1.0,,,
USW00014745,1952,12,WT04,,,,,,,,,,,,,,,,,,,,,,1.0,1.0,,,,,,,,
USW00014745,1953,1,WT04,,,,,,,,,,1.0,,,,,,,,1.0,,,,,,,,,,,,,
USW00014745,1953,2,WT04,1.0,,,,,,,,,,,,,,,,,,,,,,,,,,,,,,
USW00014745,1953,5,WT04,,1.0,,,,,,,,,,,,,,,,,,,,,,,,,,,,,
USW00014745,1953,11,WT04,,,,,,,1.0,,,,,,,,,,,,,,,,,,,,,,,,
USW00014745,1953,12,WT04,,,,,,,,,,,,,,1.0,,,,,,,,,,,,,,,,,
USW00014745,1954,1,WT04,,,,,,,,,1.0,,,,,,,,,,,,,,,,,,1.0,,,,
USW00014745,1954,2,WT04,,,,,,,,,,,,,,,,,1.0,,,,,,,,,,,,,,
USW00014745,1954,3,WT04,,,,,,,,,,,,,1.0,1.0,,,,,,1.0,,,,,1.0,,,,,1.0,
USW00014745,1954,4,WT04,,,,,,,,,,,,,,,,1.0,,,,,,,,,,,,1.0,,,
USW00014745,1954,12,WT04,,,,,,,,,1.0,,,,,,,,,,,,,,,,,,,,1.0,1.0,
USW00014745,1955,1,WT04,,,,,,1.0,,,,,,,,,,,,,,,,,,,,,,,,,
USW00014745,1955,2,WT04,,,,,,,,,,,,,,,,,1.0,,,,,,,,,,,,,,
USW00014745,1955,3,WT04,1.0,,,,1.0,1.0,,,,,,,,,,,,,,,,1.0,,,,1.0,,,,,
USW00014745,1955,12,WT04,,,,1.0,,,,,,,,,,,,,,,,,,,,,,,,,,,
USW00014745,1956,1,WT04,,,1.0,,,,,1.0,,,,,1.0,1.0,,1.0,,,,,,,,,,,,,1.0,1.0,
USW00014745,1956,2,WT04,,1.0,,,,1.0,1.0,,,1.0,1.0,1.0,,,,,,1.0,,,,,,,1.0,,,,,,
USW00014745,1956,3,WT04,,,,1.0,,,1.0,1.0,,,1.0,,,1.0,,1.0,,,,,,,,,,,,,,,
USW00014745,1956,11,WT04,,,,,,,,,,,,,,,,,,,,,,,,,,1.0,,,,,
USW00014745,1956,12,WT04,,,1.0,,,,,,1.0,,,,,,1.0,,,,,,,,1.0,,,,,,1.0,,
USW00014745,1957,1,WT04,,,,,,,1.0,,,1.0,,,,,,,,,,,,,,,,,,,,,
USW00014745,1957,2,WT04,,,,,,,,,1.0,,,,,,,,,,,,,,,,,,,,,,
USW00014745,1957,3,WT04,,,,,,,,1.0,,,,,,,,,,,,,,,,,,,,,,,
USW00014745,1957,12,WT04,,,,,,,,,1.0,,,,,,,,,,,,,,,,,,,,1.0,,
USW00014745,1958,1,WT04,,,,,,,,,,,,,,1.0,1.0,1.0,,,,,,,,,,,1.0,,,,
USW00014745,1958,2,WT04,,,,,,,,,,,,,,,,,,,,,,,,,,,,1.0,,,
USW00014745,1958,4,WT04,,,,,,,,,,,,,,,,,,,,,,,,,,,,1.0,,,
USW00014745,1958,10,WT04,,,,,,,,,,,,,,,,,,,,,,,,,,1.0,,,,,
USW00014745,1958,11,WT04,,,1.0,,,,,,,,,,,,,,,,,,,,,,,,,1.0,,,
USW00014745,1958,12,WT04,,,,1.0,,,,,,,,,,,,,,,,,,,,,,,,,,,
USW00014745,1959,1,WT04,,1.0,,,,,,,,,,,,,,,,,,,1.0,,,,,,,,,,
USW00014745,1959,2,WT04,,,,,,,,,,,,,1.0,1.0,1.0,,,1.0,,,,,,,,,,,,,
USW00014745,1959,3,WT04,,,,,,1.0,,,,,,,,,1.0,,,,,,,,,,,,,,,,
USW00014745,1959,4,WT04,,,,,,,,,,,,,,,,,,,,1.0,,,,,,,,,,,
USW00014745,1959,11,WT04,,,,,,,1.0,,,,,,,,,,,,,,,,,,,,,,,,
USW00014745,1959,12,WT04,,,,,,,1.0,,,,,1.0,,,,,,,,,,,,,,,,1.0,1.0,,
USW00014745,1960,1,WT04,,,,,,,,,,,,,,,1.0,,,,,,,,,,,,,1.0,,,
USW00014745,1960,2,WT04,,,,,,1.0,,,1.0,,,,,1.0,,,,,1.0,,,,,,,1.0,,,,,
USW00014745,1960,4,WT04,,,,,,,,,1.0,,,,,,,,,,,,,,,,,,,,,,
USW00014745,1960,12,WT04,,,,,,,,,,,,,,,,1.0,,,,,1.0,,,,,,,,,,
USW00014745,1961,1,WT04,1.0,,,,,,,,,,,,,,,1.0,,,,,,,,,,,,,,,
USW00014745,1961,2,WT04,,,,,,,,,,,,,,1.0,,,,,,,,,,,,,,,,,
USW00014745,1961,3,WT04,,,,,1.0,1.0,1.0,,1.0,,,,,1.0,,,,,,,,,,1.0,,,,,,,
USW00014745,1961,4,WT04,1.0,,,,,,,1.0,,1.0,,,1.0,,,1.0,,,,,,,,,,,,,,,
USW00014745,1961,12,WT04,,,,,,,,,,1.0,,1.0,,,,,,1.0,1.0,,,,,1.0,,,,,,,
USW00014745,1962,1,WT04,,,,,,1.0,1.0,,,,,,,,,,,,,,,,,,,,,,,,
USW00014745,1962,2,WT04,,,,,,,,,,,,,,,,,,,,,,1.0,,1.0,,1.0,,1.0,,,
USW00014745,1962,3,WT04,,,,,,,,,,,,1.0,,,,,,,,,,,,,,,,,,,
USW00014745,1962,4,WT04,,,,,,,,,,,,,1.0,,,,,,,,,,,,,,,,,,
USW00014745,1962,11,WT04,,,1.0,,,,,,,,,,,,,,,,,,,,,,,,,,,,
USW00014745,1962,12,WT04,,,,,,,,,1.0,,,,,,,,,,,,,1.0,,,,,,,,,
USW00014745,1963,1,WT04,,,,,,,,,,,,1.0,1.0,,,,,,,,,,,,,,1.0,,,,
USW00014745,1963,2,WT04,,1.0,,,,,,,,,,1.0,,,,,,,,,,,,,,,,,,,
USW00014745,1963,3,WT04,,,,,,1.0,,,,,,1.0,,,,,1.0,,,1.0,,,,,,,,,,,
USW00014745,1963,5,WT04,,,,,,,,,,1.0,1.0,,,,,,,,,,,,,,,,,,,,
USW00014745,1963,7,WT04,,,,,,,,,,,,,,,,,,,,,,,,,,1.0,,,,,
USW00014745,1963,12,WT04,,,1.0,,,,,,,,,,,,,,,,,,,,,,,,,,,,
USW00014745,1964,1,WT04,1.0,,,,,,,,1.0,,,,,,,,,,,,,,,,,,,,,,
USW00014745,1964,2,WT04,,,,,1.0,,,,,,,,,,,,,,,,,,,,,,,,,,
USW00014745,1964,3,WT04,,,,,,,,,,1.0,,,,,,,,,,,,,,,,1.0,,,,,
USW00014745,1964,11,WT04,,,,,,,,,,,,,,,,1.0,,,1.0,,,,,,,,,,,,
USW00014745,1964,12,WT04,,,,1.0,1.0,,,,,,1.0,,,,,,1.0,,,,,,,,,,1.0,1.0,,,
USW00014745,1965,1,WT04,,,,,,,,1.0,,,,,,,,,,,,,,,,1.0,,1.0,1.0,,,,
USW00014745,1965,2,WT04,,,,,,,,,,1.0,,1.0,,,,,,,,,,,,,1.0,,,,,,
USW00014745,1965,3,WT04,,,,,,,,,,1.0,,,,,,,,,,,,,,,,1.0,,,,,
USW00014745,1965,4,WT04,,,,,,,,,,,,,,,,,,,,,,,,,,1.0,,,,,
USW00014745,1965,11,WT04,,,,,,,,,,,,,,,,1.0,1.0,,,,,,,,,,,,,,
USW00014745,1965,12,WT04,,,,,,,,,,,,,1.0,,,,,,,,,,1.0,1.0,,,,,,,
USW00014745,1966,1,WT04,,1.0,1.0,,,,,,,,,,,,,,,,,,,,,,,,,,,1.0,
USW00014745,1966,2,WT04,,,,,,,,,,,,,1.0,,,1.0,,,,,,,,,1.0,,,,,,
USW00014745,1966,4,WT04,,,,,,,,,,,,,,,,,,,,,,,,,,,,1.0,,,
USW00014745,1966,5,WT04,,,,,,,,,1.0,,,,,,,,,,,,,,,,,,,,,,
USW00014745,1966,11,WT04,,,,,,,,1.0,,,,,,,,,,,,,,,,,,,,,,,
USW00014745,1966,12,WT04,,,,,1.0,1.0,,,,,,,,1.0,,,,,,,,,,1.0,1.0,,,,1.0,,
USW00014745,1967,1,WT04,,,,,,,1.0,,,,,,,,,,,,,,,,,,,1.0,1.0,1.0,,,
USW00014745,1967,2,WT04,,1.0,,,,,,,,,,,,,,,,,,1.0,,,,,,,,,,,
USW00014745,1967,3,WT04,,,1.0,,1.0,1.0,,,,,,,1.0,,,,,,,,,,,,,,,,,,
USW00014745,1967,4,WT04,,,,,,1.0,1.0,,,,,,,,,1.0,1.0,1.0,1.0,,,,,,,,,,,,
USW00014745,1967,5,WT04,,,,,,,1.0,,,,,,,,,,,,,,,,,,,1.0,,,,,
USW00014745,1967,11,WT04,,,,,,,,,,,,,,,,,1.0,1.0,,,,1.0,,,,,,,,,
USW00014745,1967,12,WT04,,,1.0,1.0,,,,1.0,,,1.0,,,,,,,,,,,,,,,,,,1.0,,
USW00014745,1968,1,WT04,,,,,,,,,,,,,,1.0,,,,,,,,,,,,,,,1.0,1.0,
USW00014745,1968,3,WT04,,,,,,,,,,,,1.0,1.0,,,,,,,,,,,,,,,,,,
USW00014745,1968,11,WT04,,,,,,,,,,1.0,,,,,1.0,,,,,,,,,,,,,,,,
USW00014745,1968,12,WT04,1.0,,,,,,,,,,,,,,1.0,,,,,1.0,,,1.0,,,,,1.0,1.0,,
USW00014745,1969,1,WT04,,,,,,,,,,,,,,,,,,,,,,,,,,,,,,1.0,
USW00014745,1969,2,WT04,,,1.0,,,,,,,1.0,,,,,,,,,1.0,,,,,,,,,,,,
USW00014745,1969,4,WT04,,,,,,,,,,,,,,,,,,,1.0,,,,,,,,,,,,
USW00014745,1969,12,WT04,,,,,,,,1.0,,,,,,,,,,,,,,1.0,,,,1.0,,,,,
USW00014745,1970,1,WT04,,,,,,,,,,,,,,,,,,,,,,,,,,,,1.0,1.0,,
USW00014745,1970,2,WT04,,,,1.0,,,,,,,,,,,,,,,,,,,,,,,,,,,
USW00014745,1970,3,WT04,,,,1.0,,,,,,,,,,,,,,,,,,,,,,,,,,,
USW00014745,1970,4,WT04,,1.0,,,,,,,,,,,,,,,,,,1.0,,,,,,,,,,,
USW00014745,1970,11,WT04,,,,,,,,,,,,,,,1.0,,,,,,,,,,,1.0,,,,,
USW00014745,1971,1,WT04,,,,1.0,,,,,,,,,,1.0,,,,,,,,,,,,,,,,,
USW00014745,1971,2,WT04,,,,,1.0,,,1.0,,,,,,,,,,,,1.0,1.0,,1.0,,,,,,,,
USW00014745,1971,3,WT04,,,,1.0,,,1.0,,,,,,,,,,,,1.0,1.0,,,,,,,,,,,
USW00014745,1971,12,WT04,,,,,,1.0,,,,,,,,,1.0,,,,,,,,,,,,1.0,,,,
USW00014745,1972,1,WT04,,1.0,,1.0,,,,,,,,,,,,,,,,,,,,,,,,,,,
USW00014745,1972,2,WT04,,,1.0,,,,,,,,,,,,,,,,,,,,,,,,,,,,
USW00014745,1972,3,WT04,,,1.0,,,,,,,,,,,,,,,,,,,,,,,,,,,,
USW00014745,1972,4,WT04,,,,,,,,,,,,,1.0,,,,,,,1.0,,,,,,,,,,,
USW00014745,1972,11,WT04,,,,,1.0,,,,,,,,,,,,,,,,,,,,,,,,,,
USW00014745,1972,12,WT04,1.0,,,1.0,,,,1.0,,1.0,,1.0,,,,1.0,,,,,,1.0,,,,1.0,,,,1.0,1.0
USW00014745,1973,1,WT04,,,,1.0,,,,,,,,,,,,,,,,,,,,,,,,,,,
USW00014745,1973,2,WT04,,,,,,,,,,,,,,,1.0,,,,,,,,,,,,,,,,
USW00014745,1973,3,WT04,,1.0,1.0,,,1.0,,,,,,,,,,,,,,,,,,,,,,,,,
USW00014745,1973,4,WT04,,,,1.0,1.0,,,,,1.0,,,,,,,,,,,,,,,,,,,,,
USW00014745,1973,12,WT04,,,,,,,,,1.0,,,,,,,1.0,1.0,,,,,,,,,,,1.0,,,1.0
USW00014745,1974,1,WT04,,,,,,,,,,1.0,1.0,,,,1.0,,,1.0,1.0,,,,,,,,,,,,
USW00014745,1974,2,WT04,,,,,,,,,,,,,,,,,,,1.0,,,,,,,,,,,,
USW00014745,1974,3,WT04,,,,,,,,,,,,,,,,,,,,,1.0,,,,,,,,,,
USW00014745,1974,4,WT04,,,,,,,,,1.0,,,,,,,,,,,,,,,,,,,,,,
USW00014745,1974,12,WT04,,1.0,,,,,,,,,,,,,,1.0,1.0,,,,,,,,,,,,,,
USW00014745,1975,1,WT04,,,,,,,,,,,,1.0,1.0,,,,,1.0,,,1.0,,,,1.0,,,,1.0,,
USW00014745,1975,3,WT04,,,,,,,,,,,,1.0,,,,,,,,,,,,,,,,,,1.0,
USW00014745,1975,12,WT04,,,,,,,,,,,,,1.0,1.0,,,,,,,,,,,,1.0,,,,,
USW00014745,1976,1,WT04,,,1.0,,,,,,,,,,1.0,,,,,,,,,,,,,,,,,,
USW00014745,1976,2,WT04,,,,,,,,,,,,,,,,,1.0,1.0,1.0,,,,,,,,,,1.0,,
USW00014745,1976,3,WT04,,,1.0,,,,,,,,,1.0,1.0,,,,,,1.0,,,,,,,,,,,,
USW00014745,1976,4,WT04,,,,,,,,,,,,,,,,,,,,,,,,,1.0,,,,,,
USW00014745,1976,11,WT04,,,,,,,,,,,,,,,,,,,,,,,,,,,,,1.0,,
USW00014745,1976,12,WT04,,,,,,,1.0,,,,,,,,,,,,,,,,,,,,,,,,
USW00014745,1977,1,WT04,,,,,,,,,,1.0,,,,,,,,,,,,,,,,,,,,,
USW00014745,1977,4,WT04,,1.0,,1.0,1.0,,,,,,,,,,,,,,,,,,,,,,,,,,
USW00014745,1977,12,WT04,,,,,,1.0,,,,,,,,1.0,,,,,,,1.0,,,,,,,,,,
USW00014745,1978,1,WT04,,,,,,,,,,,,,,1.0,,,,1.0,,,,,,,,,,,,,
USW00014745,1978,3,WT04,,,,,,,,,,,,,,,,,,,,,,,,,,1.0,,,,,
USW00014745,1978,11,WT04,,,,,,,,,,,,,,,,,,,,,,,,1.0,,,,1.0,,,
USW00014745,1978,12,WT04,,,,,,,,,1.0,,,,,,,,,,,,1.0,,,,1.0,,,,,,
USW00014745,1979,1,WT04,,,,,,,1.0,,,,,,1.0,1.0,,,,,,,1.0,,,,,,,,,,
USW00014745,1979,2,WT04,,,,,,,,,,,,,,,,,,,,,,,1.0,,,1.0,,,,,
USW00014745,1979,3,WT04,,,,,,,,,,1.0,,,,,,,,,,,,,,,,,,,,,
USW00014745,1979,4,WT04,,1.0,,1.0,,,,,1.0,,,,,,,,,,,,,,,,,,,,,,
USW00014745,1980,3,WT04,,,,,,,,1.0,,,,,,1.0,,,,,,,,,,,,,,,,,
USW00014745,1980,4,WT04,,,,1.0,,,,,,,,,,,,,,,,,,,,,,,,,,,
USW00014745,1980,11,WT04,,,,,,,,,,,,,,,,,,,,,,,,,,,,1.0,,,
USW00014745,1980,12,WT04,,,,,,,1.0,,,,,,,,,,,,,,,,,,,,,1.0,,,
USW00014745,1981,2,WT04,1.0,,,,,,,1.0,,,,,,,,,,,,,,,,,1.0,,,1.0,,,
USW00014745,1981,11,WT04,,,,,,,,,,,,,,,,,,,,,,,,,,1.0,1.0,,,,
USW00014745,1981,12,WT04,,,,,,,,,,,,,,,1.0,1.0,,,,,,,1.0,,,,,,,,
USW00014745,1982,1,WT04,1.0,,,1.0,,,,,,,,,,,,,,,,,,,1.0,,,,,,,,1.0
USW00014745,1982,2,WT04,1.0,1.0,1.0,,,,,,,,,,,,,,,,,,,,,,,,,,,,
USW00014745,1982,3,WT04,,,,,,1.0,,,,,,,,,,,,,,,1.0,,,,,,,,,,
USW00014745,1982,4,WT04,,,1.0,,,,,,,,,,,,,,,,,,,,,,,,,,,,
USW00014745,1983,2,WT04,,,,,,,,,,,,,,,,,,,,,,,1.0,,,,,,,,
USW00014745,1983,3,WT04,,,,,,,1.0,1.0,1.0,1.0,,,,,,,,,,,,,,,,,,1.0,,,
USW00014745,1983,4,WT04,,,1.0,,,,,,,1.0,,,,,,,,,,,1.0,,,,,,,,,,
USW00014745,1983,5,WT04,,,,,,,,,,,1.0,,,,,,,,,,,,,,,,,,,,
USW00014745,1983,11,WT04,,,,,,,,,,,,,,,,,,,,,,,,,1.0,,,1.0,,,
USW00014745,1983,12,WT04,,,,,,,,,,1.0,,,,,,,,,,,,1.0,,,,,,1.0,,,
USW00014745,1984,1,WT04,,,,,,,,,,,,,,,,,,,,,,,,1.0,,,,,,,
USW00014745,1984,2,WT04,,,,,,,,,,,,,,,,,,1.0,,,,,,,1.0,,,1.0,1.0,,
USW00014745,1984,3,WT04,,,,,1.0,,,,,,,,,1.0,,,,1.0,1.0,,,,,,,,,,,1.0,
USW00014745,1984,4,WT04,,,,,,,,,,,,,,,1.0,,,,,,,,,,,,,,,,
USW00014745,1984,12,WT04,,,1.0,,,,,,,,,,,,1.0,,,,,,,1.0,,,,,,1.0,,,
USW00014745,1985,1,WT04,1.0,,,,,,,,,,,,,,,,,,,,,,,,,,,,,,
USW00014745,1985,3,WT04,,,,1.0,1.0,,,,,,,,,,,,,,,,,,,,,,,,,,1.0
USW00014745,1985,4,WT04,1.0,,,,,,,,,,,,,,,,,,,,,,,,,,,,,,
USW00014745,1985,11,WT04,,,,,,,,,,,,,,,,1.0,,,,,,1.0,,,,1.0,,,,,
USW00014745,1985,12,WT04,,1.0,,,,,,,,,,1.0,1.0,1.0,,,,,,,,,,,1.0,,,,,,
USW00014745,1986,1,WT04,,,1.0,,,,,,,,,,,,,,,,,,,,,,1.0,1.0,,,,,
USW00014745,1986,2,WT04,,,,,1.0,,,,,,,,,,,,,1.0,,,1.0,,,,,,,,,,
USW00014745,1986,3,WT04,,,,,,,,,,,,,1.0,,1.0,,,,,,,,,,,,,,,,
USW00014745,1986,4,WT04,,,,,,1.0,,,,,,,,,,,,,,,,,1.0,,,,,,,,
USW00014745,1986,11,WT04,,,,,1.0,1.0,,,,,,,,,,,,,,,1.0,,,,,,,,,,
USW00014745,1986,12,WT04,,1.0,,,,,,,1.0,,,,,,,,,,,,,,,,1.0,,,,,,
USW00014745,1987,1,WT04,,1.0,,,,,,,,1.0,1.0,,,,,,,1.0,,,,,1.0,,,,,,,,
USW00014745,1987,3,WT04,1.0,,,,,,,,,,,,,,,,,,,,,,,,,,,,,,
USW00014745,1987,11,WT04,,,,,,,,,,1.0,1.0,,,,,,,,,,,,,,,1.0,,,,,
USW00014745,1987,12,WT04,,,,,,,,,,,,,,,1.0,,,,,1.0,,,,,,,,,,,
USW00014745,1988,1,WT04,,,,,,,,,,,,,1.0,,,,,,,1.0,,,,,,,,,,,
USW00014745,1988,2,WT04,,,,,,,,,,,,1.0,1.0,,,,,,,1.0,,,,,,,,,,,
USW00014745,1988,3,WT04,,,,1.0,,,,,,,,,1.0,,,,,,,,,,,,,,,,,,
USW00014745,1988,11,WT04,,,,,,,,,,,,,,,,,,,,1.0,,,,,,,,,,,
USW00014745,1988,12,WT04,,,,,,,,,,,,,,,,,,,,1.0,,,1.0,1.0,,,1.0,,,,
USW00014745,1989,1,WT04,,,,,,,,,,,,1.0,,1.0,1.0,,,,,,,,,,,1.0,,,,1.0,
USW00014745,1989,2,WT04,,1.0,1.0,,,,,,,,,,,1.0,1.0,,,,,,1.0,,,,,,,,,,
USW00014745,1989,3,WT04,,,,1.0,,,,,,,,,,,,,,,,,,,,,1.0,,,,,1.0,1.0
USW00014745,1989,11,WT04,,,,,,,,,,,,,,,,,,,,,,,,,,,,1.0,,,
USW00014745,1989,12,WT04,,,,,,1.0,,,,,,,,,,,,,,,,,,,,,,,,,
USW00014745,1990,1,WT04,,,,,,,,,,,,,,,,,,,,,,,,1.0,,,,,1.0,1.0,
USW00014745,1990,2,WT04,,,,,,,,,,,,,,,1.0,1.0,,,,,,,,,,,,,,,
USW00014745,1990,3,WT04,,,,,,,,,,,,,,,,,,,,,,,,,,,,,,1.0,
USW00014745,1990,12,WT04,,,,1.0,,,,,,,,,,,1.0,1.0,,,,,,,,,,,,,,,
USW00014745,1991,1,WT04,,,,,,,,,1.0,,,1.0,,,,,,,,,,,,,,,,,,,
USW00014745,1991,2,WT04,,,,,,,1.0,,,,,,,1.0,,,,,1.0,,,,,,,,,,,,
USW00014745,1991,3,WT04,,,,1.0,,,,,,,,,,,,,,,,,,,1.0,1.0,,,,,,,
USW00014745,1991,11,WT04,,,,,,,,,,,1.0,,,,,,,,,,,,,,,,,,,,
USW00014745,1991,12,WT04,,,1.0,1.0,,,,,,,,,,,,,,,,,,,1.0,,,,,,,,
USW00014745,1992,1,WT04,,,,,,,,,,,,,1.0,,,,,,,,,,,,,,,,,,
USW00014745,1992,2,WT04,,,,,,,,,,,,,,,,,,,,,,,,,1.0,1.0,,,,,
USW00014745,1992,3,WT04,,,,,,,1.0,,,,,,,,,,,,,,,,,,,,,,,,
USW00014745,1992,4,WT04,,,,,,,,,,,1.0,1.0,,,,1.0,1.0,,,,,,,,,,,,,,
USW00014745,1992,12,WT04,,,,,,,,,,,,,,,,,,,,,,,1.0,,,,,1.0,,,
USW00014745,1993,1,WT04,,,1.0,,,,,,,,,,,,,,,,,,,,,,,,,,,,
USW00014745,1993,2,WT04,,,,,,,,,,,,1.0,1.0,,,1.0,1.0,,,,,,,,,,,,,,
USW00014745,1993,3,WT04,,,,,,,,,,,,,1.0,,,,,,,,,,,,,,,,,,
USW00014745,1993,4,WT04,1.0,,,,,,,,,,,,,,,,,,,,,,,,,,,,,,
USW00014745,1994,1,WT04,,,,1.0,,,,,,,,,,,,,1.0,1.0,1.0,1.0,,,,,,,,1.0,,,
USW00014745,1994,2,WT04,,,,,,,,,,,,,,,,,,,,,,,,1.0,,,,,,,
USW00014745,1994,3,WT04,,,1.0,,,,,,1.0,1.0,,,,,,,,,,,,1.0,,,,,1.0,,,,
USW00014745,1994,11,WT04,,,,,,,,,,,,,,,,,,,,,,,,,,,,1.0,,,
USW00014745,1994,12,WT04,,,,,,,1.0,,1.0,1.0,1.0,,,,,,1.0,,,,,,,,,,,,,,1.0
USW00014745,1995,1,WT04,1.0,,,,,,1.0,,,,,1.0,,,,,,,,,,,,,,,,,,,
USW00014745,1995,2,WT04,,,,,,,,,,,,,,,1.0,,,,,,,,,,,,1.0,1.0,,,
USW00014745,1995,4,WT04,,,,,,,,,1.0,,,,,,,,,,,,,,,,,,,,,,
USW00014745,1995,11,WT04,,,,,,,,,,,,,,1.0,,,,,,,,,,,,,,,,,
USW00014745,1995,12,WT04,,,1.0,,,,,,1.0,,,,,,,,,,,,,,,,,,,,,,
USW00014745,1996,1,WT04,,,,,,,,,,,,,1.0,,,,,,,,,,,,,,,,,,
USW00014745,1996,2,WT04,,,,,,,,,,,,,,,,,1.0,,,,,,,,,,,,,,
USW00014745,1997,1,WT04,,,,,,,,,,,,,,,,,,,,,,,,,,,,1.0,,,
USW00014745,1997,2,WT04,,,,,,,,,,,,,,1.0,,,,,,,,,,,,,,,,,
USW00014745,1997,3,WT04,,,,,,,,,,,,,,1.0,,,,,,,,,,,1.0,,,,,,
USW00014745,1997,11,WT04,,,,1.0,,,,,,,,,,,,,,,,,,,,,,,,,,1.0,
USW00014745,1997,12,WT04,1.0,,,,,,,,,,,,,,,,,,,,,,,,1.0,,,,1.0,,
USW00014745,1998,1,WT04,,,,,,,,,,,,,1.0,,,,,,,,,,1.0,,,,,,,,
USW00014745,1998,2,WT04,,,,,,,,,,,,,,,,,,1.0,,,,,,,1.0,,,,,,
USW00014745,1998,3,WT04,,,,,,,,1.0,,,,,,,,,,,1.0,,1.0,,,,,,,,,,
USW00014745,1998,12,WT04,,,,,,,,,,,,,,,,,1.0,,,,,,,,,,,,,,
USW00014745,1999,1,WT04,,,1.0,,,,,,,,,,,,,,,,,,,,,,,,,,,,
USW00014745,2000,2,WT04,,,,,,,,,,,1.0,,,,,,,,,,,,,,,,,,,,
USW00014745,2017,1,WT04,,,,,,,,,,,,,,,,,,,,,,,1.0,1.0,,,,,,,
USW00014745,2018,3,WT04,,,,,,,,,,,,,,,,,,,,,,,,,,,,1.0,,,
USW00014745,2018,4,WT04,,,,,,,,,,,,,,,1.0,,,,,,,,,,,,,,,,
USW00014745,2019,12,WT04,,,,,,,,,,,,,,,,,,,,,,,,,,,1.0,,,1.0,1.0
